Uniprot.gene,Ensembl.gene
SLC12A8,ENSG00000221955
ESYT3,ENSG00000158220
SLC5A10,ENSG00000154025
CLRN2,ENSG00000249581
TMEM30C,ENSG00000235156
ANO9,ENSG00000185101
SLC22A23,ENSG00000137266
TSPAN11,ENSG00000110900
TMEM213,ENSG00000214128
KIAA0922,ENSG00000121210
OR2M5,ENSG00000162727
OR2A25,ENSG00000221933
SLC35F4,ENSG00000151812
HTR3E,ENSG00000186038
MEGF11,ENSG00000157890
CDHR4,ENSG00000187492
TMEM150B,ENSG00000180061
OR6C74,ENSG00000197706
IZUMO1R,ENSG00000183560
OR14I1,ENSG00000189181
LRIT2,ENSG00000204033
OR5H15,ENSG00000233412
OR6C68,ENSG00000205327
MYADML2,ENSG00000185105
TMEM8B,ENSG00000137103
OR5K3,ENSG00000206536
ANTXRL,ENSG00000274209
OR6C6,ENSG00000188324
TRABD2B,ENSG00000269113
TMEM235,ENSG00000204278
MFSD2B,ENSG00000205639
GGT3P,
OR51F1,ENSG00000280021
OR2T8,ENSG00000177462
SERINC4,ENSG00000184716
OR4C46,ENSG00000185926
OR5H14,ENSG00000236032
MANSC4,ENSG00000205693
LILRA5,ENSG00000187116;ENSG00000278355;ENSG00000274914;ENSG00000274113;ENSG00000275404
OR6C70,ENSG00000184954
SLC15A5,ENSG00000188991
CD8BP,
OR6C65,ENSG00000205328
SLC22A20,
PCNXL2,ENSG00000135749
FCGR1C,
OR5H1,ENSG00000231192
OR6C75,ENSG00000187857
OR5B21,ENSG00000198283
SHISA7,ENSG00000187902
OR2AG2,ENSG00000188124
LRRC37A2,ENSG00000238083
CLDN24,ENSG00000185758
OR6C76,ENSG00000185821
SIGLEC16,
OR5K4,ENSG00000196098
LRRC37A,ENSG00000176681
OR52A4,
OR4C45,
OR2AT4,ENSG00000171561
SLC38A8,ENSG00000166558
DISP2,ENSG00000140323
GABRR3,ENSG00000183185
HIDE1,ENSG00000214212
FAM171A2,ENSG00000161682
HEPACAM2,ENSG00000188175
BTNL10,
KIAA1324L,ENSG00000164659
VSTM5,ENSG00000214376
UPK3BL,ENSG00000267368
OR11H12,ENSG00000257115
TMEM114,ENSG00000232258
SHISA9,ENSG00000237515
TARM1,ENSG00000248385;ENSG00000276145;ENSG00000275806;ENSG00000275123;ENSG00000276355;ENSG00000275384;ENSG00000276604;ENSG00000273875;ENSG00000277178;ENSG00000274889
ERVV-1,ENSG00000269526
ERVV-2,ENSG00000268964
SHISA8,ENSG00000234965
KLRF2,ENSG00000256797
MUC22,ENSG00000261272
C1orf233,ENSG00000228594
C3orf80,ENSG00000180044
SLCO1B7,ENSG00000205754
TMEM178B,ENSG00000261115
GFY,ENSG00000261949
FZD9,ENSG00000188763
GPR25,ENSG00000170128
TLR4,ENSG00000136869
TNFRSF10A,ENSG00000104689
GRM8,ENSG00000179603
SIRPB1,ENSG00000101307
F2RL2,ENSG00000164220
GPR31,ENSG00000120436
UPK1A,ENSG00000105668
SLC28A1,ENSG00000156222
SLC1A7,ENSG00000162383
QSOX1,ENSG00000116260
P2RY10,ENSG00000078589
SLC33A1,ENSG00000169359
CCRL2,ENSG00000121797
GFRA2,ENSG00000168546
BTN3A3,ENSG00000111801
BTN3A1,ENSG00000026950
UPK2,ENSG00000110375
CHL1,ENSG00000134121
DLL1,ENSG00000198719;ENSG00000275555
CXCR6,ENSG00000172215
ACKR2,ENSG00000144648
GABRP,ENSG00000094755
PODXL,ENSG00000128567
CLDN4,ENSG00000189143
PPAP2A,ENSG00000067113
PPAP2B,ENSG00000162407
NRG2,ENSG00000158458
BAI1,ENSG00000181790
PTPRT,ENSG00000196090
TMEM194A,ENSG00000166881
ASTN1,ENSG00000152092
OR7A17,ENSG00000185385
GPR171,ENSG00000174946
ADAM10,ENSG00000137845
RRH,ENSG00000180245
GABRD,ENSG00000187730
NRP1,ENSG00000099250
TNFSF11,ENSG00000120659
TNFRSF10C,ENSG00000173535
TAAR5,ENSG00000135569
TSPAN4,ENSG00000214063
TNFRSF13B,ENSG00000240505
FFAR1,ENSG00000126266
FFAR3,ENSG00000185897
TM4SF5,ENSG00000142484
PCDH17,ENSG00000118946
NCR3,ENSG00000204475;ENSG00000206430;ENSG00000225211;ENSG00000237103;ENSG00000237808;ENSG00000223833;ENSG00000236315;ENSG00000236979
EREG,ENSG00000124882
PLXNB2,ENSG00000196576
NPC1,ENSG00000141458
MUSK,ENSG00000030304
LDLRAD4,ENSG00000168675
EPHB6,ENSG00000106123
GPR182,ENSG00000166856
SLC22A2,ENSG00000112499
SLC22A1,ENSG00000175003
GRM6,ENSG00000113262
TM9SF1,ENSG00000100926
GPR37,ENSG00000170775
SLC16A4,ENSG00000168679
SLC16A5,ENSG00000170190
SIGLEC5,ENSG00000268500;ENSG00000105501
NCAM2,ENSG00000154654
GRIN2D,ENSG00000105464
SLC16A6,ENSG00000108932
SLC31A1,ENSG00000136868
ABCC3,ENSG00000108846
ABCC4,ENSG00000125257
ABCC5,ENSG00000114770
TLR3,ENSG00000164342
GPR42,ENSG00000126251
P2RX6,ENSG00000099957
CLDN3,ENSG00000165215
FFAR2,ENSG00000126262
ERVK-18,
FLRT2,ENSG00000185070
PLXNB1,ENSG00000164050
ADAM12,ENSG00000148848
MLNR,ENSG00000102539
GPR39,ENSG00000183840
SLC7A4,ENSG00000099960
TREH,ENSG00000118094
SPINT2,ENSG00000167642
LRRTM2,ENSG00000146006
ADCY6,ENSG00000174233
AQP9,ENSG00000103569
GRID2,ENSG00000152208
PROM1,ENSG00000007062
TGOLN2,ENSG00000152291
CACNA1G,ENSG00000006283
ADAM20,ENSG00000134007
SLC26A4,ENSG00000091137
SGCE,ENSG00000127990
RNF13,ENSG00000082996
CA12,ENSG00000074410
GALR2,ENSG00000182687
HCRTR1,ENSG00000121764
HCRTR2,ENSG00000137252
PSCA,ENSG00000167653
TSPAN6,ENSG00000000003
PPAP2C,ENSG00000141934
SIGLEC6,ENSG00000105492
OR1F1,ENSG00000168124
SLC37A4,
SLC28A2,ENSG00000137860
OR2T1,ENSG00000175143;ENSG00000273508;ENSG00000275244
XPNPEP2,ENSG00000122121
EFNA2,ENSG00000099617
MFSD11,ENSG00000092931
TMPRSS11D,ENSG00000153802
BAI2,ENSG00000121753
BAI3,ENSG00000135298
PCDH7,ENSG00000169851
ADCY3,ENSG00000138031
SUSD5,ENSG00000173705
LRRC37A3,ENSG00000176809
PCDHGA12,ENSG00000253159
FZD6,ENSG00000164930
CACNG3,ENSG00000006116
GRIN3B,ENSG00000116032
OR10H2,ENSG00000171942
OR10H3,ENSG00000171936
OR7C2,ENSG00000127529
OR1I1,ENSG00000094661
LY75,
NRP2,ENSG00000118257
DSCAM,ENSG00000171587
GPR137B,ENSG00000077585
PLXNC1,ENSG00000136040
MPZL2,ENSG00000149573
NPHS1,ENSG00000161270
ADCY9,ENSG00000162104
TLR5,ENSG00000187554
TLR2,ENSG00000137462
GFRA3,ENSG00000146013
TSPAN1,ENSG00000117472
TSPAN2,ENSG00000134198
TSPAN3,ENSG00000140391
SLC16A7,ENSG00000118596
ABCC9,ENSG00000069431
GALR3,ENSG00000128310
SLC19A2,ENSG00000117479
GPR37L1,ENSG00000170075
RAMP2,ENSG00000131477
RAMP3,ENSG00000122679
CTNS,ENSG00000040531
SCN2B,ENSG00000149575
ERVK-19,
FCGR3B,ENSG00000162747
LILRA1,ENSG00000104974;ENSG00000275525
LILRB3,ENSG00000204577;ENSG00000274587;ENSG00000275019
LILRB5,ENSG00000105609;ENSG00000277414;ENSG00000278437;ENSG00000274311;ENSG00000273991
PLXNA2,ENSG00000076356
IGSF3,ENSG00000143061
LRP3,ENSG00000130881
ADAM23,ENSG00000114948
ADAM11,ENSG00000073670
FZD7,ENSG00000155760
LRP4,ENSG00000134569
MFAP3L,ENSG00000198948
ASTN2,ENSG00000148219
ICOSLG,ENSG00000160223;ENSG00000277117
LRP5,ENSG00000162337
CDH16,ENSG00000166589
GLRA3,ENSG00000145451
LRRN2,ENSG00000170382
SEMA7A,ENSG00000138623
ENTPD3,ENSG00000168032
SLC43A1,ENSG00000149150
GPR32,ENSG00000142511
TECTA,ENSG00000109927
USH2A,ENSG00000042781
LGR5,ENSG00000139292
GPC4,ENSG00000076716
CLDN11,ENSG00000013297
TNFRSF21,ENSG00000146072
ITGA10,ENSG00000143127
LRP6,ENSG00000070018
UPK3A,ENSG00000100373
GJB3,ENSG00000188910
SLC22A3,ENSG00000146477
UPK1B,ENSG00000114638
CEACAM4,ENSG00000105352;ENSG00000274131
ATRN,ENSG00000088812
GABBR2,ENSG00000136928
TSPAN9,ENSG00000011105
CPD,ENSG00000108582
OR2B3,ENSG00000204703;ENSG00000206524;ENSG00000226832;ENSG00000231319;ENSG00000233054;ENSG00000233180;ENSG00000233687;ENSG00000225736
OR2J3,ENSG00000204701;ENSG00000206522;ENSG00000232178;ENSG00000233618;ENSG00000229866;ENSG00000226271;ENSG00000233636
OR2J2,ENSG00000196231;ENSG00000204700;ENSG00000231676;ENSG00000226000;ENSG00000232945;ENSG00000234746;ENSG00000225550;ENSG00000226347
NCR1,ENSG00000189430;ENSG00000273535;ENSG00000275156;ENSG00000278362;ENSG00000274053;ENSG00000273506;ENSG00000277629;ENSG00000273916;ENSG00000277824;ENSG00000275822
SLC22A5,ENSG00000197375
OR7C1,ENSG00000127530
OR7A10,ENSG00000127515
LY6H,ENSG00000176956;ENSG00000274488
AQP8,ENSG00000103375
CNTN5,ENSG00000149972
NFASC,ENSG00000163531
TMEM63A,ENSG00000196187
LRIG2,ENSG00000198799
LPHN1,ENSG00000072071
ABCA8,ENSG00000141338
SLITRK3,ENSG00000121871
SLCO2B1,ENSG00000137491
CLSTN1,ENSG00000171603
SLITRK5,ENSG00000165300
OR2F2,ENSG00000221910
OR6B1,ENSG00000221813
OR4F21,ENSG00000176269
OR2A4,ENSG00000180658
S1PR2,ENSG00000267534
TNFSF15,ENSG00000181634
UNC5C,ENSG00000182168
CSPG5,ENSG00000114646
PCDH8,ENSG00000136099
OR5F1,ENSG00000149133
OR6A2,ENSG00000184933
IL18RAP,ENSG00000115607
HTR3B,ENSG00000149305
LYPD3,ENSG00000124466
KCNK5,ENSG00000164626
MPZL1,ENSG00000197965
ABCB11,ENSG00000073734
OR2C1,ENSG00000168158
GJB5,ENSG00000189280
SLC34A2,ENSG00000157765
GJB6,ENSG00000121742
CLDN7,ENSG00000181885
ABCA1,ENSG00000165029
CLDN9,ENSG00000213937
LPHN2,ENSG00000117114
VNN1,ENSG00000112299
VNN2,ENSG00000112303
SLC2A10,ENSG00000197496
ADCY5,ENSG00000173175
NTSR2,ENSG00000169006
CRTAM,ENSG00000109943
SEMA4F,ENSG00000135622
GPR75,ENSG00000119737
CLDN1,ENSG00000163347
GLP2R,ENSG00000065325
TSPAN13,ENSG00000106537
TSPAN15,ENSG00000099282
G6B,ENSG00000204420;ENSG00000206396;ENSG00000228090;ENSG00000224393;ENSG00000237459;ENSG00000230060;ENSG00000231003
LY6G6C,ENSG00000204421;ENSG00000206398;ENSG00000235452;ENSG00000228250;ENSG00000228859;ENSG00000236183;ENSG00000235925
LY6G6D,ENSG00000244355;ENSG00000206402;ENSG00000226603;ENSG00000234443;ENSG00000235302;ENSG00000225993;ENSG00000236902
SLC16A8,ENSG00000100156
OR2H2,ENSG00000206512;ENSG00000206467;ENSG00000204657;ENSG00000229680;ENSG00000229185;ENSG00000224319;ENSG00000227044
NCR2,ENSG00000096264
CD160,ENSG00000117281
IGSF6,ENSG00000140749
S1PR4,ENSG00000125910
RECK,ENSG00000122707
EGFR,ENSG00000146648
LDLR,ENSG00000130164
EGF,ENSG00000138798
TGFA,ENSG00000163235
IL2RA,ENSG00000134460
CD4,ENSG00000010610
CD8A,ENSG00000153563
PIGR,ENSG00000162896
HLA-B,ENSG00000234745
HLA-A,ENSG00000235657
HLA-A,ENSG00000235657;ENSG00000227715
HLA-H,
HLA-DRA,ENSG00000227993;ENSG00000206308;ENSG00000204287;ENSG00000234794;ENSG00000230726;ENSG00000228987;ENSG00000226260
HLA-DQA2,ENSG00000206301;ENSG00000237541;ENSG00000231526;ENSG00000257473;ENSG00000225103;ENSG00000223793;ENSG00000233192;ENSG00000231823
HLA-DQA1,ENSG00000196735;ENSG00000206305;ENSG00000232062
HLA-DRB1,ENSG00000196126
HLA-DRB1,ENSG00000206306;ENSG00000206240
HLA-DQB1,ENSG00000231286;ENSG00000233209;ENSG00000225824
CHRNA1,ENSG00000138435
GYPA,ENSG00000170180
SLC4A1,ENSG00000004939
TRGC2,
HLA-B,ENSG00000224608
OPN1SW,ENSG00000128617
OPN1LW,ENSG00000102076
OPN1MW,ENSG00000166160;ENSG00000268221;ENSG00000269433
PRNP,ENSG00000171867
MAS1,ENSG00000130368
THY1,ENSG00000154096
HLA-C,ENSG00000225691
HLA-DRB1,ENSG00000196126
CD74,ENSG00000019582
CD3D,ENSG00000167286
HLA-A,ENSG00000206503
HLA-DPB1,ENSG00000215048;ENSG00000236693;ENSG00000223865;ENSG00000230763;ENSG00000226826;ENSG00000237710
ERBB2,ENSG00000141736
NTRK1,ENSG00000198400
CYBB,ENSG00000165168
RPN1,ENSG00000163902
GYPC,ENSG00000136732
ATP1A1,ENSG00000163399
ATP1B1,ENSG00000143153
APP,ENSG00000142192
ITGB3,ENSG00000259207
ITGB2,ENSG00000160255
ALPL,ENSG00000162551
ALPP,ENSG00000163283
ICAM1,ENSG00000090339
HLA-A,ENSG00000229215;ENSG00000224320
HLA-DQB2,ENSG00000196610;ENSG00000232629;ENSG00000226165;ENSG00000228813;ENSG00000228254;ENSG00000224305;ENSG00000230675;ENSG00000229493
ITGB1,ENSG00000150093
CD1A,ENSG00000158477
CD5,ENSG00000110448
INSR,ENSG00000171105
HLA-DOA,ENSG00000204252;ENSG00000206292;ENSG00000231558;ENSG00000232957;ENSG00000232962;ENSG00000230141;ENSG00000235744
CD2,ENSG00000116824
CEACAM5,ENSG00000105388
ITGAV,ENSG00000138448
LPL,ENSG00000175445
TPO,ENSG00000115705
THBD,ENSG00000178726
ASGR1,ENSG00000141505
ASGR2,ENSG00000161944
CSF1R,ENSG00000182578
GP1BA,ENSG00000185245
CHRNG,ENSG00000196811
ADRB2,ENSG00000169252
UMOD,ENSG00000169344
RET,ENSG00000165731
GJB1,ENSG00000169562
IGF1R,ENSG00000140443
RHO,ENSG00000163914
NGFR,ENSG00000064300
CHRM2,ENSG00000181072
CHRM4,ENSG00000180720
CD55,ENSG00000196352
ABCB1,ENSG00000085563
SLC3A2,ENSG00000168003
SYP,ENSG00000102003
MME,ENSG00000196549
ITGA2B,ENSG00000005961
CD14,ENSG00000170458
PTPRC,ENSG00000081237;ENSG00000262418
MET,ENSG00000105976
MFI2,ENSG00000163975
ADRB1,ENSG00000043591
FCGR3A,ENSG00000203747
ITGA5,ENSG00000161638
STS,ENSG00000101846
IL6R,ENSG00000160712
HTR1A,ENSG00000178394
CHRM5,ENSG00000184984
ADRA2A,ENSG00000150594
ROS1,ENSG00000047936
CD63,ENSG00000135404
PKHD1,ENSG00000170927
SLC10A3,ENSG00000126903
CD48,ENSG00000117091
CD7,ENSG00000173762
CSF1,ENSG00000184371
PDGFRB,ENSG00000113721
CD3G,ENSG00000160654
TACSTD2,ENSG00000184292
LCT,ENSG00000115850
ALPI,ENSG00000163295
FURIN,ENSG00000140564
OR4A8P,
OR5AL1,
OR4Q2,
OR5G3,
OR5AC1,
OR10J4,
OR4E1,
OR52Z1,
LINGO3,ENSG00000220008
OR8U8,
OR8U9,
OR9G9,
OR2T7,ENSG00000227152
OR56A5,ENSG00000188691
ELFN1,ENSG00000225968
ZDHHC11B,ENSG00000206077
CFC1,ENSG00000136698
TPBGL,ENSG00000261594
HLA-A,ENSG00000223980
HLA-A,ENSG00000235657
HLA-B,ENSG00000224608
HLA-C,ENSG00000204525
PTPRF,ENSG00000142949
TFPI,ENSG00000003436
ALPPL2,ENSG00000163286
KIT,ENSG00000157404
CD28,ENSG00000178562
GHR,ENSG00000112964
CD8B,ENSG00000172116
CD37,ENSG00000104894
ACP2,ENSG00000134575
SLC2A1,ENSG00000117394
SLC2A2,ENSG00000163581
SLC2A3,ENSG00000059804
ITGAM,ENSG00000169896
CHRM1,ENSG00000168539
CHRNB1,ENSG00000170175
LAMP1,ENSG00000185896
FGFR1,ENSG00000077782
IGF2R,ENSG00000197081
MS4A1,ENSG00000156738
CD79A,ENSG00000105369
FCGR1A,ENSG00000150337
FCGR2A,ENSG00000143226
FCER1A,ENSG00000179639
ACE,ENSG00000159640
CDH1,ENSG00000039068
GP1BB,ENSG00000203618
TDGF1,ENSG00000241186
LAMP2,ENSG00000005893
NCAM1,ENSG00000149294
ICAM2,ENSG00000108622
ITGA4,ENSG00000115232
ATP1A3,ENSG00000105409
CEACAM1,ENSG00000079385
F3,ENSG00000117525
HLA-A,ENSG00000206503
HLA-E,ENSG00000206493;ENSG00000229252;ENSG00000233904;ENSG00000230254
HLA-DRB1,ENSG00000228080
HLA-DRB1,ENSG00000229074;ENSG00000236884
HLA-DRB4,ENSG00000227357;ENSG00000231021
HLA-DOB,ENSG00000243612;ENSG00000241106;ENSG00000241386;ENSG00000243496;ENSG00000241910;ENSG00000239457
SLC5A1,ENSG00000100170
ADRB3,ENSG00000188778
CD59,ENSG00000085063
SELL,ENSG00000188404
FOLR2,ENSG00000165457
CPM,ENSG00000135678
ATP1B2,ENSG00000129244
DRD2,ENSG00000149295
INSRR,ENSG00000027644
SLC2A4,ENSG00000181856
TYR,ENSG00000077498
IL1R1,ENSG00000115594
IL2RB,ENSG00000100385
GABRA1,ENSG00000022355
ANPEP,ENSG00000166825
PVR,ENSG00000073008
IFNGR1,ENSG00000027697
FOLR1,ENSG00000110195
CD19,ENSG00000177455
CSF2RA,ENSG00000198223
AREG,ENSG00000109321
CD46,ENSG00000117335
CD1E,ENSG00000158488
CD1D,ENSG00000158473
MUC1,ENSG00000185499
NPR1,ENSG00000169418
CD44,ENSG00000026508
SELP,ENSG00000174175
ITGB4,ENSG00000132470
SPN,ENSG00000197471
HLA-A,ENSG00000206503
HLA-A,ENSG00000231834
HLA-A,ENSG00000231834
PDGFRA,ENSG00000134853
PECAM1,
CTLA4,ENSG00000163599
EPCAM,ENSG00000119888
DPEP1,ENSG00000015413
PRLR,ENSG00000113494
TSHR,ENSG00000165409
SELE,ENSG00000007908
CD36,ENSG00000135218
IL7R,ENSG00000168685
IFNAR1,ENSG00000142166
ITGA2,ENSG00000164171
GJA1,ENSG00000152661
NPR3,ENSG00000113389
TYRP1,ENSG00000107165
HLA-G,ENSG00000204632;ENSG00000206506;ENSG00000233095;ENSG00000235346;ENSG00000235680;ENSG00000230413;ENSG00000237216
CHRNB2,ENSG00000160716
ENG,ENSG00000106991
CR1,ENSG00000203710
FLT1,ENSG00000102755
ITGB5,ENSG00000082781
ADRA2B,
PTPRA,ENSG00000132670
HLA-A,ENSG00000206505
HLA-B,ENSG00000206450
HLA-B,ENSG00000206450
HLA-B,ENSG00000224608
GABRB1,ENSG00000163288
GABRG2,ENSG00000113327
ITGB6,ENSG00000115221
LAG3,ENSG00000089692
ADRA2C,ENSG00000184160
SDC1,ENSG00000115884
PAM,ENSG00000145730
CDH2,ENSG00000170558
TSPAN8,ENSG00000127324
EPOR,ENSG00000187266
CD58,ENSG00000116815
VCAM1,ENSG00000162692
CD53,ENSG00000143119
TNFRSF1A,ENSG00000067182
GGT1,ENSG00000100031
SLC9A1,ENSG00000090020
CR2,ENSG00000117322
HLA-DPA1,ENSG00000168384;ENSG00000206291;ENSG00000224103;ENSG00000231389;ENSG00000228163;ENSG00000235844;ENSG00000229685;ENSG00000236177
HLA-DRB1,ENSG00000206306;ENSG00000206240
CD33,ENSG00000105383
CD22,ENSG00000012124
CHRM3,ENSG00000133019
TNFRSF1B,ENSG00000028137
NPR2,ENSG00000159899
M6PR,ENSG00000003056
ITGAL,ENSG00000005844
ITGAX,ENSG00000140678
EFNA1,ENSG00000169242
MAG,ENSG00000105695
ABCB4,ENSG00000005471
TACR2,ENSG00000075073
S1PR1,ENSG00000170989
FPR1,ENSG00000171051
CNR1,ENSG00000118432
KITLG,ENSG00000049130
NT5E,ENSG00000135318
EPHA1,ENSG00000146904
DRD1,ENSG00000184845
C5AR1,ENSG00000197405
TBXA2R,ENSG00000006638
ZP3,ENSG00000188372
MSR1,ENSG00000038945
FGFR2,ENSG00000066468
ERBB3,ENSG00000065361
DRD4,ENSG00000069696
DRD5,ENSG00000169676
CD9,ENSG00000010278
KCNA3,ENSG00000177272
CDH3,ENSG00000062038
ACHE,ENSG00000087085
ENPP1,ENSG00000197594
FGFR4,ENSG00000160867
FGFR3,ENSG00000068078
SLC2A5,ENSG00000142583
CA4,ENSG00000167434
EVI2A,ENSG00000126860
LHCGR,ENSG00000138039
MRC1,ENSG00000260314
ITGA6,ENSG00000091409
KEL,ENSG00000197993;ENSG00000276615
GLRA1,ENSG00000145888
GLRA2,ENSG00000101958
PTPRB,ENSG00000127329
PTPRD,ENSG00000153707
PTPRG,ENSG00000144724
PTPRZ1,ENSG00000106278
TNFSF4,ENSG00000117586
OMG,ENSG00000126861
ATP2B4,ENSG00000058668
PRPH2,ENSG00000112619
FSHR,ENSG00000170820
SLC6A2,ENSG00000103546
GABRR1,ENSG00000146276
FCAR,ENSG00000186431;ENSG00000275136;ENSG00000275269;ENSG00000276858;ENSG00000275970;ENSG00000273738;ENSG00000275564;ENSG00000276985;ENSG00000278415;ENSG00000274580
IL4R,ENSG00000077238
EDNRB,ENSG00000136160
HRH2,ENSG00000113749
CXCR1,ENSG00000163464
CXCR2,ENSG00000180871
CD24,
FPR3,ENSG00000187474
FPR2,ENSG00000171049
GUCY2C,ENSG00000070019
ADRA1D,ENSG00000171873
EDNRA,ENSG00000151617
TACR1,ENSG00000115353
PTAFR,ENSG00000169403
ACKR3,ENSG00000144476
F2R,ENSG00000181104
MPZ,ENSG00000158887
FAS,ENSG00000026103
NPY1R,ENSG00000164128
CD40,ENSG00000101017
ITGA3,ENSG00000005884
ITGB7,ENSG00000139626
ITGB8,ENSG00000105855
KLRC1,ENSG00000134545
KLRC2,ENSG00000205809
KLRK1,ENSG00000213809
CD27,ENSG00000139193
IL3RA,ENSG00000185291
CNTFR,ENSG00000122756
ACVR2A,ENSG00000121989
DPP4,ENSG00000197635
CD82,ENSG00000085117
IL1R2,ENSG00000115590
HLA-DMA,ENSG00000204257;ENSG00000243215;ENSG00000242361;ENSG00000239463;ENSG00000242685;ENSG00000243189;ENSG00000243719
HLA-DMB,ENSG00000241674;ENSG00000242092;ENSG00000241296;ENSG00000242574;ENSG00000234154;ENSG00000239329;ENSG00000226264;ENSG00000242386
HTR1D,ENSG00000179546
HTR1B,ENSG00000135312
HTR2A,ENSG00000102468
HTR2C,ENSG00000147246
NMBR,ENSG00000135577
GABRB3,ENSG00000166206
GABRR2,ENSG00000111886
HTR1E,ENSG00000168830
PTPRM,ENSG00000173482
CD34,ENSG00000174059
CD38,ENSG00000004468
TNFRSF8,ENSG00000120949
CD1B,ENSG00000158485
CD1C,ENSG00000158481
GJB2,ENSG00000165474
ADORA2A,ENSG00000128271
ADORA2B,ENSG00000170425
EPHA2,ENSG00000142627
EPHA3,ENSG00000044524
EPHA8,ENSG00000070886
EPHB2,ENSG00000133216
TACR3,ENSG00000169836
LTK,ENSG00000062524
CD40LG,ENSG00000102245
AQP1,ENSG00000240583
CD6,ENSG00000013725
MIP,ENSG00000135517
TM4SF1,ENSG00000169908
BDKRB2,ENSG00000168398
HLA-A,ENSG00000229215;ENSG00000224320
HLA-A,ENSG00000223980
HLA-A,ENSG00000206505
HLA-A,ENSG00000206505
HLA-A,ENSG00000229215;ENSG00000224320
HLA-A,ENSG00000206505
HLA-A,ENSG00000206505
HLA-A,ENSG00000223980
HLA-B,ENSG00000223532
HLA-B,ENSG00000224608
HLA-B,ENSG00000223532
HLA-B,ENSG00000232126
HLA-B,ENSG00000206450
HLA-B,ENSG00000223532
HLA-B,ENSG00000223532
HLA-B,ENSG00000234745
HLA-B,ENSG00000228964
HLA-B,ENSG00000232126
HLA-B,ENSG00000232126
HLA-B,ENSG00000224608
HLA-B,ENSG00000234745
HLA-B,ENSG00000224608
HLA-B,ENSG00000232126
HLA-B,ENSG00000232126
HLA-B,ENSG00000206450
HLA-B,ENSG00000206450
HLA-B,ENSG00000206450
HLA-B,ENSG00000206450
HLA-B,ENSG00000206450
HLA-C,ENSG00000237022
HLA-C,ENSG00000228299
HLA-C,ENSG00000206435;ENSG00000206452
HLA-C,ENSG00000206435;ENSG00000206452
HLA-C,ENSG00000228299
HLA-C,ENSG00000237022
HLA-F,ENSG00000204642;ENSG00000206509;ENSG00000229698;ENSG00000137403;ENSG00000235220;ENSG00000237508
HLA-A,ENSG00000231834
AVPR2,ENSG00000126895
AXL,ENSG00000167601
SLC6A1,ENSG00000157103
CHRNA5,ENSG00000169684
ADORA1,ENSG00000163485
GRPR,ENSG00000126010
AGTR1,ENSG00000144891
OXTR,ENSG00000180914
HLA-B,ENSG00000206450
SLC7A1,ENSG00000139514
SSTR1,ENSG00000139874
SSTR2,ENSG00000180616
CHRNB4,ENSG00000117971
HTR1F,ENSG00000179097
OR1E1,ENSG00000180016
OR10J1,ENSG00000196184
GNRHR,ENSG00000109163
CALCR,ENSG00000004948
NTSR1,ENSG00000101188
CD52,ENSG00000169442
SSTR4,ENSG00000132671
SLC5A2,ENSG00000140675
SLC6A6,ENSG00000131389
GABRA5,ENSG00000186297
SLC6A4,ENSG00000108576
IL2RG,ENSG00000147168
FCGR2B,ENSG00000072694
FCGR2C,
CEACAM8,ENSG00000124469
L1CAM,ENSG00000198910
CCKAR,ENSG00000163394
CCKBR,ENSG00000110148
VIPR1,ENSG00000114812
MC4R,ENSG00000166603
CCR1,ENSG00000163823
BRS3,ENSG00000102239
CCR7,ENSG00000126353
GPR183,ENSG00000169508
CHRNA3,ENSG00000080644
CXCR5,ENSG00000160683
SLC8A1,ENSG00000183023
SSTR3,ENSG00000278195
DSG3,ENSG00000134757
CSF2RB,ENSG00000100368
ICAM3,ENSG00000076662
CD70,ENSG00000125726
TNFSF8,ENSG00000106952
MC5R,ENSG00000176136
CDH5,ENSG00000179776
ABCC1,ENSG00000103222;ENSG00000278183
CD80,ENSG00000121594
ADORA3,ENSG00000121933
SDC2,ENSG00000169439
CD68,ENSG00000129226
GABRA3,ENSG00000011677
EVI2B,ENSG00000185862
RYK,ENSG00000163785
HTR7,ENSG00000148680
CNR2,ENSG00000188822
TRHR,ENSG00000174417
OR1D2,ENSG00000184166
PTGER1,ENSG00000160951
CRHR1,ENSG00000120088;ENSG00000278232;ENSG00000276191
GPC1,ENSG00000063660
BTC,ENSG00000174808
GJA4,ENSG00000187513
SSTR5,ENSG00000162009
ADRA1A,ENSG00000120907
HRH1,ENSG00000196639
ADRA1B,ENSG00000170214
OPRM1,ENSG00000112038
PTGER4,ENSG00000171522
MAS1L,ENSG00000204687;ENSG00000206470;ENSG00000206515;ENSG00000233141;ENSG00000234954;ENSG00000228377;ENSG00000228515;ENSG00000237284
APLNR,ENSG00000134817
DRD3,ENSG00000151577
SCN1A,ENSG00000144285
SCN4A,ENSG00000007314
TIE1,ENSG00000066056
BSG,ENSG00000172270
FLT4,ENSG00000037280
KDR,ENSG00000128052
CHRNA7,ENSG00000175344;ENSG00000274542
FLT3,ENSG00000122025
BMPR1A,ENSG00000107779
ACVR1B,ENSG00000135503
TGFBR1,ENSG00000106799
LTBR,ENSG00000111321
ACVRL1,ENSG00000139567
SCNN1A,ENSG00000111319
TGFBR2,ENSG00000163513
AVPR1A,ENSG00000166148
IFNGR2,ENSG00000159128;ENSG00000262795
SPAM1,ENSG00000106304
ITGAE,ENSG00000083457
GRIK1,ENSG00000171189
DCT,ENSG00000080166
IL6ST,ENSG00000134352
GP5,ENSG00000178732
CEACAM3,ENSG00000170956
CEACAM6,ENSG00000086548
CD96,ENSG00000153283
MPL,ENSG00000117400
CD79B,ENSG00000007312
SLC26A3,ENSG00000091138
PMEL,ENSG00000185664
OPRD1,ENSG00000116329
OPRK1,ENSG00000082556
OPRL1,ENSG00000125510
CASR,ENSG00000036828
AQP2,ENSG00000167580
CD200,ENSG00000091972
P2RY2,ENSG00000175591
SLC19A1,ENSG00000173638
ADCYAP1R1,ENSG00000078549
VIPR2,ENSG00000106018
GRM5,ENSG00000168959
HTR2B,ENSG00000135914
CCR2,ENSG00000121807
TSPAN7,ENSG00000156298
MC3R,ENSG00000124089
CD86,ENSG00000114013
GRIA1,ENSG00000155511
GRIA2,ENSG00000120251
GRIA3,ENSG00000125675
DPP6,ENSG00000130226
IL12RB1,ENSG00000096996
LIFR,ENSG00000113594
ECE1,ENSG00000117298
SLC1A3,ENSG00000079215
SLC1A2,ENSG00000110436
SLC1A1,ENSG00000106688
SLC1A4,ENSG00000115902
PTGFR,ENSG00000122420
PTGER3,ENSG00000050628
PTGER2,ENSG00000125384
PTGIR,ENSG00000160013
MCAM,ENSG00000076706
DCC,ENSG00000187323
GLP1R,ENSG00000112164
SSR1,ENSG00000124783
TNFRSF4,ENSG00000186827
KIR2DL1,ENSG00000125498;ENSG00000278738;ENSG00000273794;ENSG00000278821;ENSG00000276625;ENSG00000277833;ENSG00000278495
KIR2DL2,ENSG00000275546;ENSG00000276731;ENSG00000278731;ENSG00000275914;ENSG00000275407;ENSG00000276011
KIR2DL3,ENSG00000243772;ENSG00000274830;ENSG00000276218;ENSG00000277484;ENSG00000276590;ENSG00000278327;ENSG00000277554;ENSG00000275658;ENSG00000273887;ENSG00000274952;ENSG00000274410;ENSG00000275008;ENSG00000274108;ENSG00000275623;ENSG00000274402;ENSG00000277317;ENSG00000277924;ENSG00000276459
KIR3DL1,ENSG00000167633;ENSG00000274036;ENSG00000275288;ENSG00000276423
KIR3DL2,ENSG00000240403;ENSG00000278809;ENSG00000278474;ENSG00000277181;ENSG00000274722;ENSG00000278442;ENSG00000275566;ENSG00000276357;ENSG00000275083;ENSG00000278361;ENSG00000276739;ENSG00000275626;ENSG00000275416;ENSG00000276004
KIR2DS2,ENSG00000277885;ENSG00000276425;ENSG00000274438;ENSG00000274518;ENSG00000275253;ENSG00000276139;ENSG00000275452;ENSG00000278300;ENSG00000275583;ENSG00000275737;ENSG00000275735;ENSG00000276258;ENSG00000278152
KIR2DS4,ENSG00000276885;ENSG00000274957;ENSG00000276634;ENSG00000275731;ENSG00000276395;ENSG00000275353;ENSG00000274947;ENSG00000274406;ENSG00000276154
LPAR6,ENSG00000139679
CHRNA4,ENSG00000101204
SLC15A1,ENSG00000088386
GPR3,ENSG00000181773
GPR1,ENSG00000183671
CCR10,ENSG00000184451
GPR4,ENSG00000177464
XCR1,ENSG00000173578
GPR6,ENSG00000146360
HTR3A,ENSG00000166736
NOTCH1,ENSG00000148400
BDKRB1,ENSG00000100739
SLCO1A2,ENSG00000084453
GALR1,ENSG00000166573
GPR12,ENSG00000132975
RGR,ENSG00000148604
GABRA2,ENSG00000151834
GABRB2,ENSG00000145864
GCGR,ENSG00000215644
SCTR,ENSG00000080293
OR3A1,ENSG00000180090
OR3A4P,
OR1D4,
OR1E2,ENSG00000127780
OR3A3,ENSG00000159961
OR1G1,ENSG00000183024
OR3A2,ENSG00000221882
HTR5A,ENSG00000157219
P2RY1,ENSG00000169860
AVPR1B,ENSG00000198049
FASLG,ENSG00000117560
SLC6A8,ENSG00000130821
MTNR1A,ENSG00000168412
KCNJ4,ENSG00000168135
GRIA4,ENSG00000152578
GLIPR1,ENSG00000139278
SLC6A12,ENSG00000111181
SLC6A11,ENSG00000132164
SLC6A9,ENSG00000196517
NPBWR1,ENSG00000183729
NPBWR2,ENSG00000125522;ENSG00000277339
GLRB,ENSG00000109738
GABRA4,ENSG00000109158
TM4SF4,ENSG00000169903
LEPR,ENSG00000116678
CD151,ENSG00000177697
GIPR,ENSG00000010310
KCNJ3,ENSG00000162989
IFNAR2,ENSG00000159110
SLC1A6,ENSG00000105143
SLC9A3,ENSG00000066230
CD97,ENSG00000123146
HCAR3,ENSG00000255398
NPY2R,ENSG00000185149
PTH2R,ENSG00000144407
CX3CR1,ENSG00000168329
SLC11A1,ENSG00000018280
SLC11A2,ENSG00000110911
MTNR1B,ENSG00000134640
CXCR3,ENSG00000186810
PRLHR,ENSG00000119973
GPR15,ENSG00000154165
PSEN1,ENSG00000080815
FLT3LG,ENSG00000090554
PSEN2,ENSG00000143801
ENTPD1,ENSG00000138185
AGTR2,ENSG00000180772
MMP14,ENSG00000157227
NPY4R,ENSG00000204174
HTR6,ENSG00000158748
SLC26A2,ENSG00000155850
BCAM,ENSG00000187244
ATP1A2,ENSG00000018625
ATP4B,ENSG00000186009
SCNN1B,ENSG00000168447
SCNN1G,ENSG00000166828
SCNN1D,ENSG00000162572
MMP16,ENSG00000156103
P2RX1,ENSG00000108405
P2RY4,ENSG00000186912
GPC3,ENSG00000147257
GPM6A,ENSG00000150625
CCR3,ENSG00000183625
CCR4,ENSG00000183813
CCR5,ENSG00000160791
CCR6,ENSG00000112486;ENSG00000272980
CCR8,ENSG00000179934
CCR9,ENSG00000173585
APLP1,ENSG00000105290
CLCNKB,ENSG00000184908
PLXNA3,ENSG00000130827
GPR143,ENSG00000101850
ADCY7,ENSG00000121281
SLC7A2,ENSG00000003989
EFNA3,ENSG00000143590
EFNA4,ENSG00000243364
EFNB2,ENSG00000125266
EFNA5,ENSG00000184349
ART1,ENSG00000129744
ITGA8,ENSG00000077943
SLC5A3,ENSG00000198743
PTTG1IP,ENSG00000183255
SLC16A1,ENSG00000155380
SLC18A1,ENSG00000036565
ATP1B3,ENSG00000069849
EPHB3,ENSG00000182580
EPHA5,ENSG00000145242
EPHB4,ENSG00000196411
EPHB1,ENSG00000154928
EPHA4,ENSG00000116106
GAS1,ENSG00000180447
EMP1,ENSG00000134531
EMP2,ENSG00000213853
EMP3,ENSG00000142227
SLC12A2,ENSG00000064651
SLC12A3,ENSG00000070915
AQP5,ENSG00000161798
MFAP3,ENSG00000037749
F2RL1,ENSG00000164251
AQP4,ENSG00000171885
GP2,ENSG00000169347
CDH4,ENSG00000179242
CDH6,ENSG00000113361
CDH8,ENSG00000150394
CDH11,ENSG00000140937
CDH12,ENSG00000154162
CDH13,ENSG00000140945
CDH15,ENSG00000129910
LIM2,ENSG00000105370
FCGRT,ENSG00000104870
GFRA1,ENSG00000151892
ITGA1,ENSG00000213949
P2RX3,ENSG00000109991
CLDN15,ENSG00000106404
CLDN6,ENSG00000184697
CLDN8,ENSG00000156284
CLDN12,ENSG00000157224
BACE1,ENSG00000186318
CLDN18,ENSG00000066405
CLDN20,ENSG00000171217
SLC37A1,ENSG00000160190
JAM2,ENSG00000154721
SLC8A3,ENSG00000100678
CLDN2,ENSG00000165376
OR1D5,ENSG00000262628
OR2B6,ENSG00000124657
OR4D2,ENSG00000255713
OR10A3,ENSG00000170683;ENSG00000273953
OR12D2,ENSG00000204690;ENSG00000168787;ENSG00000233481;ENSG00000235966;ENSG00000280236
ANTXR2,ENSG00000163297
NRXN1,ENSG00000179915
NRXN2,ENSG00000110076
CLRN1,ENSG00000163646
EVA1C,ENSG00000166979
SLC26A5,ENSG00000170615
TAS2R38,ENSG00000257138
TAS2R39,ENSG00000236398
TAS2R46,ENSG00000226761;ENSG00000262525
TAS2R30,ENSG00000256188;ENSG00000262111
TAS2R19,ENSG00000212124;ENSG00000263028
TAS2R20,ENSG00000255837;ENSG00000273092
LILRA4,ENSG00000239961;ENSG00000277092;ENSG00000274185;ENSG00000276798
OR2B8P,
PLP1,ENSG00000123560
ERVFC1,
ERVFRD-1,ENSG00000244476
ERVPABLB-1,
ZP1,ENSG00000149506
GPR85,ENSG00000164604
CXCR4,ENSG00000121966
ERVS71-1,
ERVK-21,
ERVK-24,
ERVK-7,
ERVK-25,
TSPAN5,ENSG00000168785
CACNG7,ENSG00000105605
CXADR,ENSG00000154639
SIRPA,ENSG00000198053
ADAM8,ENSG00000151651
GPC5,ENSG00000179399
GABRE,ENSG00000102287
ASIC1,ENSG00000110881
CNTNAP1,ENSG00000108797
ABCA4,ENSG00000198691
CLDN10,ENSG00000134873
OLR1,ENSG00000173391
BTN3A2,ENSG00000186470
CX3CL1,ENSG00000006210
JAG1,ENSG00000101384
ADAM17,ENSG00000151694
IL13RA1,ENSG00000131724
PHEX,ENSG00000102174
HLA-DRB3,ENSG00000196101;ENSG00000231679
DLK1,ENSG00000185559
FAM189B,ENSG00000160767;ENSG00000262666
SLC7A9,ENSG00000021488
CRB1,ENSG00000134376
TMPRSS15,ENSG00000154646
DGCR2,ENSG00000070413
VLDLR,ENSG00000147852
PKD1,ENSG00000008710
LRP2,ENSG00000081479
EFNB1,ENSG00000090776
IL9R,ENSG00000124334
SCN7A,ENSG00000136546
CD83,ENSG00000112149
IL5RA,ENSG00000091181
IL1RL1,ENSG00000115602
SLC7A5,ENSG00000103257
MC2R,ENSG00000185231
MC1R,ENSG00000258839
ATP2B2,ENSG00000157087
SLC6A3,ENSG00000142319;ENSG00000276996
ROR1,ENSG00000185483
ROR2,ENSG00000169071
RHAG,ENSG00000112077
TNFRSF17,ENSG00000048462
CNTN2,ENSG00000184144
NRG1,ENSG00000157168
DSG1,ENSG00000134760
DSC2,ENSG00000134755
MUC3A,ENSG00000169894
GHRHR,ENSG00000106128
TEK,ENSG00000120156
TGFBR3,ENSG00000069702
PLAUR,ENSG00000011422
PTH1R,ENSG00000160801
FOLH1,ENSG00000086205
NOTCH2,ENSG00000134250
ACVR1,ENSG00000115170
HLA-B,ENSG00000206450
CHRNE,ENSG00000108556
CD164,ENSG00000135535
MST1R,ENSG00000164078
GRIN1,ENSG00000176884
CHRNB3,ENSG00000147432
SLC18A2,ENSG00000165646
ZP2,ENSG00000103310
TYRO3,ENSG00000092445
CACNG1,ENSG00000108878
APLP2,ENSG00000084234
SLC34A1,ENSG00000131183
HLA-C,ENSG00000206435;ENSG00000206452
CHRND,ENSG00000135902
TNFRSF9,ENSG00000049249
ENPEP,ENSG00000138792
CD69,ENSG00000110848
KLRC3,ENSG00000205810
SCN1B,ENSG00000105711
SLC3A1,ENSG00000138079
LRP1,ENSG00000123384
PCDH1,ENSG00000156453
IL10RB,ENSG00000243646
DDR1,ENSG00000137332;ENSG00000204580;ENSG00000215522;ENSG00000230456;ENSG00000234078
SLC20A2,ENSG00000168575
ADCY2,ENSG00000078295
DSC1,ENSG00000134765
CD300C,ENSG00000167850
CD47,ENSG00000196776
SLC38A11,ENSG00000169507
SIGLEC14,ENSG00000254415
HLA-A,ENSG00000229215;ENSG00000224320
NIPAL4,ENSG00000172548
TMEM62,ENSG00000137842
BST1,ENSG00000109743
BST2,ENSG00000130303
SCAP,ENSG00000114650
ZP4,ENSG00000116996
CNTN1,ENSG00000018236
CDH17,ENSG00000079112
MERTK,ENSG00000153208
GRIN2A,ENSG00000183454
FAP,ENSG00000078098
HYAL2,ENSG00000068001
LMAN2,ENSG00000169223
SLC10A2,ENSG00000125255
PTPRJ,ENSG00000149177
KLRB1,ENSG00000111796
TSPAN31,ENSG00000135452
GRIK2,ENSG00000164418
GRIK3,ENSG00000163873
PLA2R1,ENSG00000153246
BAMBI,ENSG00000095739
SLC13A2,ENSG00000007216
GRIN2B,ENSG00000273079
GRM1,ENSG00000152822
PTGDR,ENSG00000168229
IL15RA,ENSG00000134470
CLN3,ENSG00000188603
SLAMF1,ENSG00000117090
GPR17,ENSG00000144230
PTK7,ENSG00000112655
CRHR2,ENSG00000106113
PTPRS,ENSG00000105426
SLC14A1,ENSG00000141469
ITGAD,ENSG00000156886
BTN1A1,ENSG00000124557
MSLN,ENSG00000102854
SLC39A6,ENSG00000141424
ADAM9,ENSG00000168615
ADAM15,ENSG00000143537
LSAMP,ENSG00000185565
FZD5,ENSG00000163251
IL18R1,ENSG00000115604
TCIRG1,ENSG00000110719
GPM6B,ENSG00000046653
ART3,ENSG00000156219
SERINC3,ENSG00000132824
PKD2,ENSG00000118762
GPR50,ENSG00000102195
STIM1,ENSG00000167323
SEMA5A,ENSG00000112902
OR5I1,ENSG00000167825
OR2F1,ENSG00000213215;ENSG00000279723
SLC12A1,ENSG00000074803
CDH18,ENSG00000145526
PTCH1,ENSG00000185920
HTR4,ENSG00000164270
TPBG,ENSG00000146242
IL10RA,ENSG00000110324
ITGA7,ENSG00000135424
ACVR2B,ENSG00000114739
ATP1A4,ENSG00000132681
ALCAM,ENSG00000170017
ITGA9,ENSG00000144668
BMPR2,ENSG00000204217
CACNA1C,ENSG00000151067
CEACAM7,ENSG00000007306
SCARB2,ENSG00000138760
LRP8,ENSG00000157193
DAG1,ENSG00000173402
DSG2,ENSG00000046604
SCARF1,ENSG00000074660;ENSG00000276336
LY6D,ENSG00000167656
SELPLG,ENSG00000110876
EMR1,ENSG00000174837
GPR18,ENSG00000125245
FZD2,ENSG00000180340
LRRC32,ENSG00000137507
GRM2,ENSG00000164082
GPR176,ENSG00000166073
KCNJ12,ENSG00000184185
FAT1,ENSG00000083857
SCN5A,ENSG00000183873
SLC29A2,ENSG00000174669
DSC3,ENSG00000134762
IL11RA,ENSG00000137070
IL13RA2,ENSG00000123496
SSPN,ENSG00000123096
ICAM4,ENSG00000105371
GRM7,ENSG00000196277
GRM3,ENSG00000198822
GRM4,ENSG00000124493
SLC17A1,ENSG00000124568
KIR3DS1,ENSG00000276534;ENSG00000276498;ENSG00000275037;ENSG00000274465;ENSG00000275608;ENSG00000274283
KIR2DS3,ENSG00000277657;ENSG00000278306;ENSG00000277163
KIR2DS5,
KIR2DS1,
GPNMB,ENSG00000136235
GRIN2C,ENSG00000161509
SLC10A1,ENSG00000100652
OPCML,ENSG00000183715
TMEM132D,ENSG00000151952
CLCA4,ENSG00000016602
HEPACAM,ENSG00000165478
TMEM132B,ENSG00000139364
SLC39A14,ENSG00000104635
P2RY6,ENSG00000171631
AGER,ENSG00000204305;ENSG00000206320;ENSG00000229058;ENSG00000230514;ENSG00000231268;ENSG00000237405;ENSG00000234729
PDCD1,ENSG00000188389;ENSG00000276977
EBP,ENSG00000147155
PVRL1,ENSG00000110400
PTPRR,ENSG00000153233
PTPRK,ENSG00000152894
ERBB4,ENSG00000178568
EPHA7,ENSG00000135333
P2RY14,ENSG00000174944
TLR1,ENSG00000174125
OR1Q1,ENSG00000165202
OR8G2,
OR4D1,ENSG00000141194
OR8G1,ENSG00000197849
OR1C1,ENSG00000221888
OR8B8,ENSG00000197125
OR7A5,ENSG00000188269
LTB4R,ENSG00000213903
GPR68,ENSG00000119714
SLC1A5,ENSG00000105281
GPR19,ENSG00000183150
NPY5R,ENSG00000164129
CD226,ENSG00000150637
EFNB3,ENSG00000108947
CHRNA2,ENSG00000120903
CHRNA6,ENSG00000147434
SLC14A2,ENSG00000132874
SCN9A,ENSG00000169432
GRIK4,ENSG00000149403
NTRK3,ENSG00000140538
SLC15A2,ENSG00000163406
GABRA6,ENSG00000145863
GRIK5,ENSG00000105737
GPR162,ENSG00000250510
LY6E,ENSG00000160932;ENSG00000278032
KCNMB1,ENSG00000145936
SYPL1,ENSG00000008282
ACKR1,ENSG00000213088
SLC18A3,ENSG00000187714
C3AR1,ENSG00000171860
SGCB,ENSG00000163069
SGCA,ENSG00000108823
CALCRL,ENSG00000064989
NTRK2,ENSG00000148053
PRSS8,ENSG00000052344
MOG,ENSG00000137345;ENSG00000204655;ENSG00000237834;ENSG00000234623;ENSG00000234096;ENSG00000236561;ENSG00000230885;ENSG00000232641
AMHR2,ENSG00000135409
ATP2B3,ENSG00000067842
MEP1A,ENSG00000112818
MEP1B,ENSG00000141434
PTPRO,ENSG00000151490
DDR2,ENSG00000162733
PTPRN,ENSG00000054356
AOC3,ENSG00000131471
UGT8,ENSG00000174607
FAM187B,ENSG00000177558
LY6K,ENSG00000160886
ECSCR,ENSG00000279686;ENSG00000249751
SLC5A12,ENSG00000148942
DUOXA1,ENSG00000140254
TMEM132A,ENSG00000006118
HLA-B,ENSG00000206450
HLA-B,ENSG00000234745
HLA-C,ENSG00000228299
HLA-B,ENSG00000206450
HLA-C,ENSG00000237022
HLA-C,ENSG00000228299
HLA-DRB1,ENSG00000196126
MICB,ENSG00000204516;ENSG00000206449;ENSG00000238289;ENSG00000234218;ENSG00000227772;ENSG00000231179;ENSG00000224378
MICA,ENSG00000183214;ENSG00000235233
CLEC12B,ENSG00000256660
GSG1,ENSG00000111305
MPEG1,ENSG00000197629
ABCB5,ENSG00000004846
SLC5A9,ENSG00000117834
PRTG,ENSG00000166450
SLC4A8,ENSG00000050438
HLA-DRB1,ENSG00000206306;ENSG00000206240
HLA-DRB5,ENSG00000198502
HLA-DRB1,ENSG00000228080
HFE,ENSG00000010704
HLA-B,ENSG00000234745
HLA-B,ENSG00000234745
LPPR5,
PTCHD3,ENSG00000182077;ENSG00000276595
TMEM95,ENSG00000182896
SLC10A6,ENSG00000145283
CEACAM21,ENSG00000007129;ENSG00000278565
GRAMD1B,ENSG00000023171
DPCR1,ENSG00000168631;ENSG00000232251;ENSG00000229284
KIAA1644,ENSG00000138944
LRIT3,ENSG00000183423
FAM174B,ENSG00000185442
ZACN,ENSG00000186919
TIGIT,ENSG00000181847
SLC36A2,ENSG00000186335
SLC36A3,ENSG00000186334
MMEL1,ENSG00000142606;ENSG00000277131
CD300E,ENSG00000186407
NRN1L,ENSG00000188038
SV2C,ENSG00000122012
GPR33,ENSG00000214943
,
CDON,ENSG00000064309
ANO6,ENSG00000177119
NKAIN1,ENSG00000084628
SLC22A6,ENSG00000197901
ATP13A5,ENSG00000187527
SLC39A12,ENSG00000148482
LRRC24,ENSG00000254402
SEZ6,ENSG00000063015
SLC44A4,ENSG00000204385;ENSG00000206378;ENSG00000229077;ENSG00000235336;ENSG00000228263;ENSG00000232180;ENSG00000231479
TM4SF20,ENSG00000168955
SDK2,ENSG00000069188
SPRN,ENSG00000203772
SLC45A4,ENSG00000022567
UMODL1,ENSG00000177398
IGSF11,ENSG00000144847
PRRT3,ENSG00000163704
XKR3,ENSG00000172967
TMEM67,ENSG00000164953
CRB2,ENSG00000148204
OR2B11,ENSG00000177535
OR10J3,ENSG00000196266
TMEM255A,ENSG00000125355
SIRPB2,ENSG00000196209
GLRA4,ENSG00000188828
EPHA10,ENSG00000183317
RNFT1,ENSG00000189050
FFAR4,ENSG00000186188
SLC10A5,ENSG00000253598
CLEC12A,ENSG00000172322
ELFN2,ENSG00000166897
LY6G6F,ENSG00000204424;ENSG00000243804;ENSG00000241822;ENSG00000239741;ENSG00000240008;ENSG00000240957;ENSG00000243003
MUC21,ENSG00000204544
C1orf101,ENSG00000179397
FREM2,ENSG00000150893
NCMAP,ENSG00000184454
TREML2,ENSG00000112195
TMEM63B,ENSG00000137216
ABCC10,ENSG00000124574
GJC2,ENSG00000198835
ZFYVE27,ENSG00000155256
GPR110,ENSG00000153292
GPRC6A,ENSG00000173612
GPR158,ENSG00000151025
NAGLT1,ENSG00000173214
SIRPB1,ENSG00000101307
OR2G6,ENSG00000188558
GPR157,ENSG00000180758
LRRC38,ENSG00000162494
VSIG8,ENSG00000243284;ENSG00000188004
NUP210L,ENSG00000143552
CACHD1,ENSG00000158966
FAM171A1,ENSG00000148468
KIAA0319,ENSG00000137261
ATRNL1,ENSG00000107518
GPR107,ENSG00000148358
IL23R,ENSG00000162594
SUSD4,ENSG00000143502
NKAIN2,ENSG00000188580
PEAR1,ENSG00000187800
RAET1L,ENSG00000155918
MALRD1,ENSG00000204740
IZUMO3,ENSG00000205442
ANO1,ENSG00000131620
HLA-DRB1,ENSG00000206306;ENSG00000206240
CD276,ENSG00000103855
MUC17,ENSG00000169876
STEAP4,ENSG00000127954
NCR3LG1,ENSG00000188211
LMBRD2,ENSG00000164187
RNF43,ENSG00000108375
ERVK-6,
SLC6A19,ENSG00000174358
FCRL6,ENSG00000181036
GPR139,ENSG00000180269
VASN,ENSG00000168140;ENSG00000274334
LAIR1,ENSG00000167613;ENSG00000276053;ENSG00000278154;ENSG00000274110;ENSG00000276163
TMEM225,ENSG00000204300
RAET1G,ENSG00000203722
SIGIRR,ENSG00000185187
TMEM211,ENSG00000206069
TMEM132E,ENSG00000181291
OR5M10,ENSG00000254834
OR4C11,ENSG00000172188
OR4F3,ENSG00000273547;ENSG00000278566;ENSG00000230178
OR2T5,ENSG00000203661;ENSG00000273827;ENSG00000275102
OR2T2,ENSG00000196240;ENSG00000276821;ENSG00000275754
OR2A2,ENSG00000221989
OR52W1,ENSG00000175485
OR4A47,ENSG00000237388
OR10K2,ENSG00000180708
OR52E8,ENSG00000183269
OR6B2,ENSG00000182083
OR7E24,ENSG00000237521
PTCRA,ENSG00000171611
ANO7,ENSG00000146205
SLC8B1,ENSG00000089060
HEPHL1,ENSG00000181333
TENM4,ENSG00000149256
MFSD5,ENSG00000182544
C11orf87,ENSG00000185742
TCTN3,ENSG00000119977
MFSD12,ENSG00000161091
GPR153,ENSG00000158292
NIPAL1,ENSG00000163293
RGMB,ENSG00000174136
PLB1,ENSG00000163803
NIPAL3,ENSG00000001461
CNNM4,ENSG00000158158
SLC39A4,ENSG00000147804
FAM171B,ENSG00000144369
TMEM154,ENSG00000170006
EMB,ENSG00000170571
GJB7,ENSG00000164411
LILRA6,ENSG00000244482;ENSG00000274148;ENSG00000275539
TRAT1,ENSG00000163519
RHBDF2,ENSG00000129667
LRFN4,ENSG00000173621
GPR179,
SLC2A7,ENSG00000197241
CD200R1L,ENSG00000206531
GPR133,ENSG00000111452
SLC22A25,ENSG00000196600
OPN5,ENSG00000124818
SLC4A10,ENSG00000144290
PLET1,ENSG00000188771
CSPG4,ENSG00000173546
ATRAID,ENSG00000138085
EPGN,ENSG00000182585
IL27RA,ENSG00000104998
PARM1,ENSG00000169116
TMCO3,ENSG00000150403
CD164L2,ENSG00000174950
SUSD1,ENSG00000106868
KIRREL2,ENSG00000126259
LYPD4,ENSG00000273111
LYPD5,ENSG00000159871
ENPP6,ENSG00000164303
MPZL3,ENSG00000160588
LMBR1L,ENSG00000139636
LAYN,ENSG00000204381
VSTM1,ENSG00000189068;ENSG00000274953;ENSG00000276159;ENSG00000274887;ENSG00000275330;ENSG00000275577;ENSG00000276066;ENSG00000275962;ENSG00000277607;ENSG00000276363
PLXDC2,ENSG00000120594
LYPD8,
LYPD2,ENSG00000197353
CLEC4G,ENSG00000182566
PI16,ENSG00000164530
MAMDC4,ENSG00000177943
SEZ6L2,ENSG00000174938
MFSD7,ENSG00000169026
BTNL3,ENSG00000168903
TMEM108,ENSG00000144868
KIAA1324,ENSG00000116299
CD300LG,ENSG00000161649
BTNL9,ENSG00000165810
ISLR2,ENSG00000167178
LRRN1,ENSG00000175928
IL20RB,ENSG00000174564
LRIG3,ENSG00000139263
CLEC9A,ENSG00000197992
GSG1L,ENSG00000169181
GFRAL,ENSG00000187871
TMIGD1,ENSG00000182271
CD300LD,ENSG00000204345
UNC5D,ENSG00000156687
CEACAM20,
DLK2,ENSG00000171462
LINGO4,ENSG00000213171
FAT4,ENSG00000196159
DCHS2,ENSG00000197410
NPSR1,ENSG00000187258
SLC36A4,ENSG00000180773
CD109,ENSG00000156535
TMEM184A,ENSG00000164855
SIGLEC15,ENSG00000197046
SPNS3,ENSG00000182557
SLC39A5,ENSG00000139540
GLDN,ENSG00000186417
SCARA5,ENSG00000168079
UNC5A,ENSG00000113763
FRRS1,ENSG00000156869
PQLC2,ENSG00000040487
TMEM182,ENSG00000170417
SLCO4C1,ENSG00000173930
CATSPERG,ENSG00000099338
QSOX2,ENSG00000165661
CLEC17A,ENSG00000187912
SHISA6,ENSG00000188803
SLC16A12,ENSG00000152779
MFSD6,ENSG00000151690
CDHR3,ENSG00000128536
TMEM26,ENSG00000196932
KIAA1549L,ENSG00000110427
HFE2,ENSG00000168509
PTCHD4,ENSG00000244694
HTR3D,ENSG00000186090
SLC24A5,ENSG00000188467
PGAP1,ENSG00000197121
ANO5,ENSG00000171714
BTN2A1,ENSG00000112763
SV2A,ENSG00000159164
TRIL,ENSG00000255690
SV2B,ENSG00000185518
LINGO2,ENSG00000174482
SLC26A9,ENSG00000174502
OTOP1,ENSG00000163982
OTOP2,ENSG00000183034
SLC29A4,ENSG00000164638
OTOA,ENSG00000155719
TAS1R3,ENSG00000169962
TAS1R1,ENSG00000173662
PRSS41,
LPPR4,
SLC36A1,ENSG00000123643
ERMP1,ENSG00000099219
NEGR1,ENSG00000172260
ATG9A,ENSG00000198925
LYSMD3,ENSG00000176018
GPR155,ENSG00000163328
SLC46A3,ENSG00000139508
OR2W3,ENSG00000238243
TMC7,ENSG00000170537
CSMD2,ENSG00000121904
KCNK18,ENSG00000186795
PKD1L2,ENSG00000166473;ENSG00000279362
PKD1L3,ENSG00000277481
LRP10,ENSG00000197324
MDGA2,ENSG00000139915
VN1R4,ENSG00000228567
SDK1,ENSG00000146555
GPR142,ENSG00000257008
GPR141,ENSG00000187037
CEACAM19,ENSG00000186567
BTLA,ENSG00000186265
MILR1,ENSG00000271605
VTCN1,ENSG00000134258
LHFPL4,ENSG00000156959
MEGF8,ENSG00000105429
GPR144,ENSG00000180264
TMEM179B,ENSG00000185475
AMIGO2,ENSG00000139211
DSG4,ENSG00000175065
MRGPRG,ENSG00000182170
MRGPRE,ENSG00000184350
GPR149,ENSG00000174948
EMR4P,
GPR126,ENSG00000112414
GPR123,ENSG00000197177
ILDR1,ENSG00000145103
CLEC14A,ENSG00000176435
TMPRSS11B,ENSG00000185873
TMEM150A,ENSG00000168890
TMEM110,ENSG00000213533
C14orf37,ENSG00000139971
TSPAN33,ENSG00000158457
SLCO6A1,ENSG00000205359
ABCA12,ENSG00000144452
EVC2,ENSG00000173040
RTN4RL1,ENSG00000185924
RTN4RL2,ENSG00000186907
CDH24,ENSG00000139880
CUZD1,ENSG00000138161
ABCA13,ENSG00000179869
SLC51A,ENSG00000163959
SLC51B,ENSG00000186198
ADIPOR2,ENSG00000006831
TRABD2A,ENSG00000186854
GPR180,ENSG00000152749
CD163,ENSG00000177575
SERINC5,ENSG00000164300
LRRTM4,ENSG00000176204
LRRTM3,ENSG00000198739
VSIG10L,ENSG00000186806
SLC22A16,ENSG00000004809
P2RY8,ENSG00000182162
LRP11,ENSG00000120256
TPRA1,ENSG00000163870
KCNMB4,ENSG00000135643
UNC93A,ENSG00000112494
OSTM1,ENSG00000081087
LHFPL1,ENSG00000182508
PKHD1L1,ENSG00000205038
AMIGO1,ENSG00000181754
AMIGO3,ENSG00000176020
VSIG1,ENSG00000101842
CATSPERD,ENSG00000174898
PRIMA1,ENSG00000175785;ENSG00000274089
RNF130,ENSG00000113269
TMEM219,ENSG00000149932
FRAS1,ENSG00000138759
GPR97,ENSG00000182885
NRROS,ENSG00000174004
TMEM25,ENSG00000149582
LDLRAD3,ENSG00000179241
AMICA1,ENSG00000160593
IFNLR1,ENSG00000185436
TMPRSS6,ENSG00000187045
ABCA9,ENSG00000154258
SPPL2C,ENSG00000185294
PLXDC1,ENSG00000161381
RELL1,ENSG00000181826
GPIHBP1,ENSG00000277494
SLC41A1,ENSG00000133065
SLC22A9,ENSG00000149742
IGDCC3,ENSG00000174498
SPNS2,ENSG00000183018
VSTM4,ENSG00000165633
SLITRK4,
SLC44A2,ENSG00000129353
MFSD6L,ENSG00000185156
GPR125,ENSG00000152990
SCN4B,ENSG00000177098
CNTN4,ENSG00000144619
CD302,ENSG00000241399
OR4N5,ENSG00000184394
CDH26,ENSG00000124215
SLC15A3,ENSG00000110446
GPR65,ENSG00000140030
TMEFF1,ENSG00000241697
IZUMO1,ENSG00000182264
SLC22A15,ENSG00000163393
NALCN,ENSG00000102452
GPR116,ENSG00000069122
GPR115,ENSG00000153294
GPR114,ENSG00000159618
GPR113,ENSG00000173567
GPR112,ENSG00000156920
GPR111,ENSG00000164393
UNC5B,ENSG00000107731
GPR64,ENSG00000173698
KIRREL3,ENSG00000149571
ABCA7,ENSG00000064687
APCDD1,ENSG00000154856
NLGN4X,ENSG00000146938
OR4N4,ENSG00000183706;ENSG00000274792
OR8I2,ENSG00000172154
VSIG10,ENSG00000176834
KIR2DL5A,ENSG00000274676;ENSG00000274143;ENSG00000275596
CADM3,ENSG00000162706
OR5AS1,ENSG00000181785
SLC34A3,ENSG00000198569
TMEM123,ENSG00000152558
ABCA6,ENSG00000154262
OR8H3,ENSG00000181761
OR6V1,ENSG00000225781;ENSG00000277378
LILRA2,ENSG00000239998;ENSG00000275290;ENSG00000274000;ENSG00000278634
GPC2,ENSG00000213420
OR8H2,ENSG00000181767
GABRG1,ENSG00000163285
DYNAP,ENSG00000178690
PROM2,ENSG00000155066
LYPD1,ENSG00000150551
NLGN1,ENSG00000169760
OR2L13,ENSG00000196071
SLC43A2,ENSG00000167703;ENSG00000278550
LRRC25,ENSG00000175489
MUC15,ENSG00000169550
GPR137C,ENSG00000180998
CADM2,ENSG00000175161
TMEM132C,ENSG00000181234
LILRB2,ENSG00000131042;ENSG00000276146;ENSG00000275463;ENSG00000274513
SVOPL,ENSG00000157703
FGFRL1,ENSG00000127418
MFSD4,ENSG00000174514
RPRML,ENSG00000179673
SLC44A3,ENSG00000143036
FAM26E,ENSG00000178033
MS4A15,ENSG00000166961
DPP10,ENSG00000175497
OR2C3,ENSG00000196242
SLC5A8,ENSG00000256870;ENSG00000262217
SLC15A4,ENSG00000139370
IGSF1,ENSG00000147255
CLDN19,ENSG00000164007
IL22RA1,ENSG00000142677
CD177,ENSG00000204936
GPR161,ENSG00000143147
PCDH20,ENSG00000197991;ENSG00000280165
KIR3DL3,
LRRC52,ENSG00000162763
TMEM217,ENSG00000172738
PLD5,ENSG00000180287
CLDN22,ENSG00000177300
SIGLECL1,ENSG00000179213
NKAIN3,ENSG00000185942
LSMEM1,ENSG00000181016
DCBLD1,ENSG00000164465
LRTM2,ENSG00000166159
MFSD2A,ENSG00000168389
IL17RC,ENSG00000163702
FNDC5,ENSG00000160097
SLC43A3,ENSG00000134802
SIDT2,ENSG00000149577
TMEM178A,ENSG00000152154
UBAC2,ENSG00000134882
TMEM87A,ENSG00000103978
TP53I13,ENSG00000167543
TMEM145,ENSG00000167619
SLC38A9,ENSG00000177058
CLEC1A,ENSG00000150048
RNF149,ENSG00000163162
KCT2,ENSG00000113583
NETO2,ENSG00000171208
SLC37A3,ENSG00000157800
DAGLB,ENSG00000164535
TMEM116,ENSG00000198270
SLC44A5,ENSG00000137968
KREMEN2,
LRRN4CL,ENSG00000177363
GPR26,ENSG00000154478
SLC17A8,ENSG00000179520
TMEM104,ENSG00000109066
CNNM3,ENSG00000168763
BVES,ENSG00000112276
C19orf18,ENSG00000177025
ACVR1C,ENSG00000123612
NFAM1,ENSG00000235568
SLC24A4,ENSG00000140090
GPRC5A,ENSG00000013588
PROKR2,ENSG00000101292
GJC3,ENSG00000176402
IL17RD,ENSG00000144730
GPR156,ENSG00000175697
MDGA1,ENSG00000112139
IL17RE,ENSG00000163701
DNER,ENSG00000187957
BEST4,ENSG00000142959
BEST2,ENSG00000039987
SEMA6D,ENSG00000137872
NLGN4Y,ENSG00000165246;ENSG00000279292
NLGN2,ENSG00000169992
VN1R2,ENSG00000196131
CADM4,ENSG00000105767
TSPAN14,ENSG00000108219
OR5T1,ENSG00000181698;ENSG00000262784
OR2T33,ENSG00000177212
OR2T12,ENSG00000177201
OR8G5,ENSG00000255298
OR2L5,ENSG00000197454
OR2M7,ENSG00000177186
OR2M3,ENSG00000228198
OR2AK2,ENSG00000187080
OR2L3,ENSG00000198128
OR13H1,ENSG00000171054
OR11H1,ENSG00000130538
OR7G3,ENSG00000170920
OR2Z1,ENSG00000181733
OR7D4,ENSG00000174667
OR7G2,ENSG00000170923
OR7G1,ENSG00000161807
OR1M1,ENSG00000170929
OR7A2P,
GPR32P1,
OR10H4,ENSG00000176231
OR10H5,ENSG00000172519
OR4F17,ENSG00000176695
OR4C5,ENSG00000176540
OR4S1,ENSG00000176555
OR4M2,ENSG00000182974;ENSG00000274102
OR4F15,ENSG00000182854
OR4F6,ENSG00000184140
OR5AU1,ENSG00000169327
OR11G2,ENSG00000196832
OR4E2,ENSG00000221977
OR10G2,ENSG00000255582
OR10G3,ENSG00000169208
OR6J1,ENSG00000255804
OR4K17,ENSG00000176230
OR11H6,ENSG00000176219
OR11H7,
OR11H4,ENSG00000176198
OR4M1,ENSG00000176299
OR4N2,ENSG00000176294
OR4K2,ENSG00000165762
OR4K5,ENSG00000176281
OR4K1,ENSG00000155249
OR4K14,ENSG00000169484
OR10AD1,ENSG00000172640
OR6C4,ENSG00000179626
OR2AP1,ENSG00000179615
OR10P1,ENSG00000175398
OR10A7,ENSG00000179919
OR9K2,ENSG00000170605
OR4D9,ENSG00000172742
OR9Q2,ENSG00000186513
OR52B6,ENSG00000187747
OR52R1,ENSG00000176937;ENSG00000279270
OR51D1,ENSG00000197428
OR5AP2,ENSG00000172464
OR10W1,ENSG00000172772
OR5B17,ENSG00000197786
OR4B1,ENSG00000175619
OR4X2,ENSG00000172208;ENSG00000279556
OR8J3,ENSG00000167822
OR8J2,
OR5T2,ENSG00000181718;ENSG00000262851
OR5T3,ENSG00000172489;ENSG00000261897
OR8H1,ENSG00000181693
OR8K1,ENSG00000150261;ENSG00000263328
OR8B12,ENSG00000170953
OR8A1,ENSG00000196119
OR8B3,ENSG00000196661
OR2D3,ENSG00000178358
OR56A1,ENSG00000180934
OR52L2P,
OR52L1,ENSG00000183313
OR56A4,ENSG00000183389
OR52E4,ENSG00000180974
OR52N2,ENSG00000180988
OR56B2P,
OR52N4,ENSG00000181074
OR56B1,ENSG00000181023
OR4D11,ENSG00000176200
OR4D10,ENSG00000254466
OR10V1,ENSG00000172289
OR5AN1,ENSG00000176495
OR5A2,ENSG00000172324
OR5A1,ENSG00000172320
OR4D6,ENSG00000166884
OR52H1,ENSG00000181616
OR52E1,
OR52E2,ENSG00000176787
OR51L1,ENSG00000176798
OR51A4,ENSG00000205497
OR51A2,ENSG00000205496
OR51S1,ENSG00000176922
OR51T1,ENSG00000176900
OR51G2,ENSG00000176893
OR51G1,ENSG00000176879;ENSG00000278870
OR52B4,ENSG00000221996;ENSG00000280253
OR52K2,ENSG00000181963
OR52K1,ENSG00000196778
OR52M1,ENSG00000197790
OR52I1,ENSG00000232268
OR5D16,ENSG00000205029
OR5L2,ENSG00000205030
OR5D18,ENSG00000186119
OR5L1,ENSG00000186117;ENSG00000279395
OR5D14,ENSG00000186113
OR5D13,ENSG00000198877;ENSG00000279761
OR4A15,ENSG00000181958
OR4P4,ENSG00000181927
OR4C16,ENSG00000181935;ENSG00000279514
OR4C15,ENSG00000181939
OR6M1,ENSG00000196099
OR8D4,ENSG00000181518
OR4D5,ENSG00000171014
OR6T1,ENSG00000181499
OR10S1,ENSG00000196248
OR10G4,ENSG00000254737
OR10G9,ENSG00000236981
OR10G8,ENSG00000234560
OR10G7,ENSG00000182634
OR10D4P,
OR4A4P,
OR4C13,ENSG00000258817
OR8J1,ENSG00000172487;ENSG00000262796
OR5M9,ENSG00000150269
OR5M3,ENSG00000174937
OR5M8,ENSG00000181371
OR5M1,ENSG00000255012
OR5AR1,ENSG00000172459;ENSG00000279911
OR9G4,ENSG00000172457;ENSG00000262647
OR6Q1,ENSG00000279051;ENSG00000172381
OR1S2,ENSG00000197887
OR10Q1,ENSG00000180475
OR9Q1,ENSG00000186509
OR9I1,ENSG00000172377
OR13A1,ENSG00000256574;ENSG00000277495
OR1L6,ENSG00000171459
OR1K1,ENSG00000165204
OR5C1,ENSG00000148215
OR1L4,ENSG00000136939
OR1B1,ENSG00000171484;ENSG00000280094
OR1L8,ENSG00000171496
OR1N2,ENSG00000171501
OR1N1,ENSG00000171505
OR1J4,ENSG00000239590
OR1J2,ENSG00000197233
OR1J1,ENSG00000136834
OR13F1,ENSG00000186881
OR13C4,ENSG00000148136
OR13C3,ENSG00000204246
OR13C8,ENSG00000186943
OR13C5,ENSG00000277556
OR13C2,ENSG00000276119
OR13C9,ENSG00000136839
OR2K2,ENSG00000171133
OR13J1,ENSG00000168828
OR9A2,ENSG00000179468;ENSG00000273914
OR2A12,ENSG00000221858
OR2A1,ENSG00000212807;ENSG00000221970
OR9A1P,
OR9A4,ENSG00000258083
OR2I1P,
GPR150,ENSG00000178015
OR2Y1,ENSG00000174339
OR13D1,ENSG00000179055
OR5H6,ENSG00000230301;ENSG00000279922
OR5H2,ENSG00000197938
OR6B3,ENSG00000178586
OR6K6,ENSG00000180433
OR11L1,ENSG00000197591
OR2T34,ENSG00000183310
OR2T35,ENSG00000177151
OR10T2,ENSG00000186306
OR10K1,ENSG00000173285
OR10R2,ENSG00000198965
OR6Y1,ENSG00000197532
OR6P1,ENSG00000186440
OR10X1,ENSG00000186400;ENSG00000279111
OR10Z1,ENSG00000198967
OR6K2,ENSG00000196171
OR6K3,ENSG00000203757
OR6N1,ENSG00000197403
OR6N2,ENSG00000188340
OR10J6P,
OR2L8,ENSG00000196936;ENSG00000279263
OR2AJ1,ENSG00000177275
OR14K1,ENSG00000153230
OR13G1,ENSG00000197437
OR2G3,ENSG00000177476
OR2G2,ENSG00000177489
OR6F1,ENSG00000169214
OR2T10,ENSG00000184022
OR2T4,ENSG00000196944;ENSG00000274870;ENSG00000275617
OR2T11,ENSG00000183130;ENSG00000279301
OR2T29,ENSG00000182783
OR2T3,ENSG00000196539;ENSG00000277113;ENSG00000278377
OR2T27,ENSG00000187701
OR4Q3,ENSG00000182652
OR1P1,
OR11H2,ENSG00000258453
OR10AC1P,
OR8S1,ENSG00000197376
OR8U1,ENSG00000172199
OR2L2,ENSG00000203663
OR5J2,ENSG00000174957
OR10AG1,ENSG00000174970
OR4F5,ENSG00000186092
OR4C3,ENSG00000176547
OR6S1,ENSG00000181803
OR4K15,ENSG00000169488
OR4K13,ENSG00000176253
OR4L1,ENSG00000176246
OR5B3,ENSG00000172769
OR4X1,ENSG00000176567;ENSG00000279260
OR8K5,ENSG00000181752
OR8K3,ENSG00000181689;ENSG00000262755;ENSG00000280314
OR52N1,ENSG00000181001
OR56A3,ENSG00000184478
OR52E5,ENSG00000277932
OR52N5,ENSG00000181009
OR52P1P,
OR51Q1,ENSG00000167360
OR52J3,ENSG00000205495
OR51F2,ENSG00000176925
OR51H1P,ENSG00000176904
OR51A7,ENSG00000176895
OR52I2,ENSG00000226288
OR5W2,ENSG00000187612
OR4A16,ENSG00000181961
OR4C6,ENSG00000181903
OR4S2,ENSG00000174982
OR10A6,ENSG00000175393;ENSG00000276451;ENSG00000279000
OR56B4,ENSG00000180919
OR6X1,ENSG00000221931
OR10D3,ENSG00000197309
OR10G6,ENSG00000198674
OR4A5,ENSG00000221840
OR5R1,ENSG00000174942;ENSG00000279961
OR9G1,ENSG00000174914
OR5AK3P,
OR5AK2,ENSG00000181273
OR1S1,ENSG00000172774;ENSG00000280204
OR1L3,ENSG00000171481
OR1L1,ENSG00000173679
OR13C6P,
OR2AE1,ENSG00000244623
OR2W6P,
OR1F12,
OR2V1,ENSG00000185372
OR5K1,ENSG00000232382
OR5K2,ENSG00000231861
OR10J5,ENSG00000184155
OR14A16,ENSG00000196772
OR14L1P,
OR14C36,ENSG00000177174
OR2T6,ENSG00000198104;ENSG00000278659;ENSG00000278689
KIR2DL5B,
LILRB1,ENSG00000104972;ENSG00000277807;ENSG00000274669
MFSD8,ENSG00000164073
C16orf52,ENSG00000185716
IL31RA,ENSG00000164509
LYPD6B,ENSG00000150556
PCDH19,ENSG00000165194
LHFPL5,ENSG00000197753
ITFG1,ENSG00000129636
SLC7A14,ENSG00000013293
FNDC9,ENSG00000172568
SYNPR,ENSG00000163630
LPPR1,
FAM174A,ENSG00000174132
ADAM32,ENSG00000197140;ENSG00000275594
OR51E1,ENSG00000180785
SLC22A8,ENSG00000149452
STT3B,ENSG00000163527
SPPL2B,ENSG00000005206
SPPL2A,ENSG00000138600
HM13,ENSG00000101294
GRIN3A,ENSG00000198785
ZPLD1,ENSG00000170044
PROKR1,ENSG00000169618
RAET1E,ENSG00000164520
SLC2A12,ENSG00000146411
CD200R1,ENSG00000163606
DSCAML1,ENSG00000177103
SLC2A14,ENSG00000173262
NETO1,ENSG00000166342
SPACA4,ENSG00000177202
KCNG4,ENSG00000168418
KCNV2,ENSG00000168263
HAVCR2,ENSG00000135077
CD300LF,ENSG00000186074
HCAR2,ENSG00000182782
OXER1,ENSG00000162881
MRGPRD,ENSG00000172938
GPR152,ENSG00000175514
GPBAR1,ENSG00000179921
RXFP4,ENSG00000173080
GPR151,ENSG00000173250
GPR148,ENSG00000173302
GPR119,ENSG00000147262
FAT3,ENSG00000165323
PKD1L1,ENSG00000158683
IGDCC4,ENSG00000103742
TAS1R2,ENSG00000179002
RNF128,ENSG00000133135
SLC37A2,ENSG00000134955
NUP210,ENSG00000132182
PIGO,ENSG00000165282
LRRC15,ENSG00000172061
GDPD5,ENSG00000158555
SCARB1,ENSG00000073060
CHPT1,ENSG00000111666
SLC22A17,ENSG00000092096
LRRN4,ENSG00000125872
SLC38A5,ENSG00000017483
TMEM255B,ENSG00000184497
TMEM171,ENSG00000157111
SECTM1,ENSG00000141574
LMBR1,ENSG00000105983
BTN2A2,ENSG00000124508
ITLN1,ENSG00000179914
C1orf85,ENSG00000198715
ZNRF4,ENSG00000105428
NRG4,ENSG00000169752
SLC44A1,ENSG00000070214
STAB2,ENSG00000136011
SLC13A3,ENSG00000158296
FCAMR,ENSG00000162897
SLC5A11,ENSG00000158865
ABCA5,ENSG00000154265
HTR3C,ENSG00000178084
RXFP2,ENSG00000133105
GPR98,ENSG00000164199
MUC16,
TMEM37,ENSG00000171227
CACNG8,ENSG00000142408
SLC7A3,ENSG00000165349
SORCS1,ENSG00000108018
CNTNAP5,ENSG00000155052
TMEM158,ENSG00000249992
OR8D1,ENSG00000196341
OR5P2,ENSG00000183303;ENSG00000276025
OR5P3,ENSG00000182334;ENSG00000278253
OR1E3,
ERVK-8,
HERVK_113,
PIEZO1,ENSG00000103335
SLC7A6,ENSG00000103064
KIAA0247,ENSG00000100647
NCSTN,ENSG00000162736
TM9SF4,ENSG00000101337
SLC9A6,ENSG00000198689
SGCD,ENSG00000170624
LPAR1,ENSG00000198121
FCGR1B,ENSG00000198019
SORL1,ENSG00000137642
PVRL2,ENSG00000130202
PTPRU,ENSG00000060656
NRCAM,ENSG00000091129
PCSK5,ENSG00000099139
EDA,ENSG00000158813
GHSR,ENSG00000121853
SEMA4D,ENSG00000187764
NEO1,ENSG00000067141
ABCC2,ENSG00000023839
SLC5A5,ENSG00000105641
PTPRN2,ENSG00000155093
TNFRSF14,ENSG00000157873;ENSG00000273936
SLCO2A1,ENSG00000174640
CD101,ENSG00000134256
TNFRSF25,ENSG00000215788
ART4,ENSG00000111339
HLA-B,ENSG00000223532
MR1,ENSG00000153029
HLA-C,ENSG00000206435;ENSG00000206452
HLA-DRB1,ENSG00000206306;ENSG00000206240;ENSG00000228080
KISS1R,ENSG00000116014
SLC38A4,ENSG00000139209
PIGT,ENSG00000124155
TAAR8,ENSG00000146385
IGSF8,ENSG00000162729
MCHR2,ENSG00000152034
PMEPA1,ENSG00000124225
RELT,ENSG00000054967
TMEM106A,ENSG00000184988
SLAMF9,ENSG00000162723
MRGPRF,ENSG00000172935
ESAM,ENSG00000149564
RGMA,ENSG00000182175
SLCO4A1,ENSG00000101187
TMIGD2,ENSG00000167664
TM4SF18,ENSG00000163762
GPR146,ENSG00000164849
NTNG2,
HAVCR1,ENSG00000113249
SHISA4,ENSG00000198892
SLAMF6,ENSG00000162739
KLRG1,ENSG00000139187
SLC10A4,ENSG00000145248
C11orf24,ENSG00000171067
IL17RA,ENSG00000177663
DISP1,ENSG00000154309
LINGO1,ENSG00000169783
PIK3IP1,ENSG00000100100
SLC47A1,ENSG00000142494
ASIC4,ENSG00000072182
TSPAN17,ENSG00000048140
P2RY11,ENSG00000244165
SCARF2,ENSG00000244486
BCAN,ENSG00000132692
TCTN2,ENSG00000168778
SLC41A3,ENSG00000114544
TIMD4,ENSG00000145850
C1orf159,ENSG00000131591
VSIG2,ENSG00000019102
TXNDC15,ENSG00000113621
ABCC12,ENSG00000140798
ABCC11,ENSG00000121270
KIRREL,ENSG00000183853
LRIG1,ENSG00000144749
TMX3,ENSG00000166479
CDHR1,ENSG00000148600
DCHS1,ENSG00000166341
SLC41A2,ENSG00000136052
TMEM87B,ENSG00000153214
GPR128,ENSG00000144820
MEGF10,ENSG00000145794
MSLNL,ENSG00000162006
KCNS1,ENSG00000124134
OR10C1,ENSG00000229412;ENSG00000204689;ENSG00000224234;ENSG00000206474;ENSG00000230505;ENSG00000232397;ENSG00000279941
BTN2A3P,
SUSD3,ENSG00000157303
FCRL2,ENSG00000132704
FCRL1,ENSG00000163534
MRGPRX4,ENSG00000179817
MRGPRX3,ENSG00000179826
MRGPRX2,ENSG00000183695
MRGPRX1,ENSG00000170255
SIGLEC10,ENSG00000142512
SGCZ,ENSG00000185053
HIAT1,ENSG00000156875
ROBO3,ENSG00000154134
KREMEN1,ENSG00000183762
GPR137,ENSG00000173264
SLC6A18,ENSG00000164363
LRFN5,ENSG00000165379
PTCHD1,ENSG00000165186
SLC46A1,ENSG00000076351
CNTNAP3B,ENSG00000154529
PVRL4,ENSG00000143217
FCRL3,ENSG00000160856
QRFPR,ENSG00000186867
GPR101,ENSG00000165370
GPR82,ENSG00000171657
OXGR1,ENSG00000165621
GPR78,ENSG00000155269
GNRHR2,ENSG00000211451
CASD1,ENSG00000127995
LRRC3B,ENSG00000179796
DCBLD2,ENSG00000057019
GPR124,ENSG00000020181
OPALIN,ENSG00000197430
FCRL4,ENSG00000163518
TECTB,ENSG00000119913
ERMAP,ENSG00000164010
SORCS2,ENSG00000184985
SIGLEC12,ENSG00000254521
AQP10,ENSG00000143595
SLITRK1,
CSMD1,
SLC38A2,ENSG00000134294
SLC2A13,ENSG00000151229
LRRC37B,ENSG00000185158
PCDH15,ENSG00000150275
OR5B12,ENSG00000172362
OR5B2,ENSG00000172365
OR2M4,ENSG00000171180
OR2M2,ENSG00000198601
OR2V2,ENSG00000182613
OR2A7,ENSG00000243896
OR2A14,ENSG00000221938
OR2A5,ENSG00000221836
OR14A2,ENSG00000241128
OR4C12,ENSG00000221954
OR4F4,ENSG00000177693
OR4K3,
OR1F2P,
OR7D2,ENSG00000188000
OR5M11,ENSG00000255223
OR8B4,ENSG00000280090;ENSG00000198657
OR8B2,ENSG00000204293
OR6C1,ENSG00000205330
OR52B2,ENSG00000255307
OR52E6,ENSG00000205409
PANX2,ENSG00000073150
PANX1,ENSG00000110218
FCRL5,ENSG00000143297
F2RL3,ENSG00000127533
TAAR6,ENSG00000146383
TAAR9,ENSG00000237110
TAAR1,ENSG00000146399
SIGLEC11,ENSG00000161640
SLC26A8,ENSG00000112053
PCNX,ENSG00000100731
SLC22A12,ENSG00000197891
MYADM,ENSG00000179820
SERINC2,ENSG00000168528
TSPAN18,ENSG00000157570
DIRC2,ENSG00000138463
SLC9A7,ENSG00000065923
CSF3R,ENSG00000119535
HBEGF,ENSG00000113070
MUC4,ENSG00000145113
SCN2A,ENSG00000136531
GML,ENSG00000104499
NPY6R,
NOTCH4,ENSG00000204301;ENSG00000238196;ENSG00000223355;ENSG00000234876
CD180,ENSG00000134061
S1PR3,ENSG00000213694
SORT1,ENSG00000134243
GPER1,ENSG00000164850
P2RX4,ENSG00000135124
P2RX7,ENSG00000089041
OSMR,ENSG00000145623
IL12RB2,ENSG00000081985
LPAR4,ENSG00000147145
GPR20,ENSG00000204882;ENSG00000275181
GPR21,ENSG00000188394
GPR22,ENSG00000172209
MCHR1,ENSG00000128285
KIR2DL4,ENSG00000189013;ENSG00000274232;ENSG00000275456;ENSG00000275317;ENSG00000277362;ENSG00000277750;ENSG00000273575;ENSG00000278271;ENSG00000278430;ENSG00000276044;ENSG00000278074;ENSG00000274609;ENSG00000276779;ENSG00000274955;ENSG00000277964;ENSG00000275699
ABCA3,ENSG00000167972
CMKLR1,ENSG00000174600
GPA33,ENSG00000143167
TM9SF2,ENSG00000125304
SLC29A1,ENSG00000112759
SMO,ENSG00000128602
SLC6A7,ENSG00000011083
GABRG3,ENSG00000182256
ADAM2,ENSG00000104755;ENSG00000276286
P2RY13,ENSG00000181631
PDCD1LG2,ENSG00000197646
HEPH,ENSG00000089472
CLSTN3,ENSG00000139182
MXRA8,ENSG00000162576
SLC35A5,ENSG00000138459
TTYH2,ENSG00000141540
TMEM204,ENSG00000131634
UPK3B,ENSG00000243566;ENSG00000276184
LRFN3,ENSG00000126243
CRB3,ENSG00000130545
FAIM2,ENSG00000135472
BOC,ENSG00000144857
JAM3,ENSG00000166086
PLVAP,ENSG00000130300
SUCNR1,ENSG00000198829
LGR4,ENSG00000205213
HCAR1,ENSG00000196917
GPR174,ENSG00000147138
VN1R3,
AMN,ENSG00000166126
CLEC7A,ENSG00000172243
SLC12A9,ENSG00000146828
TLR10,ENSG00000174123
SLC26A6,ENSG00000225697
CACNG6,ENSG00000130433
SLC4A5,ENSG00000188687
SLC46A2,ENSG00000119457
TEX101,ENSG00000131126
EMR3,ENSG00000131355
GPR87,ENSG00000138271
CADM1,ENSG00000182985
MFRP,ENSG00000235718
TMPRSS13,ENSG00000137747
CDHR2,ENSG00000074276
ACE2,ENSG00000130234
SLC17A9,ENSG00000101194
ANO3,ENSG00000134343
SLC2A11,ENSG00000133460;ENSG00000275744
ADAM33,ENSG00000149451
CNTNAP3,ENSG00000106714
PCDH11X,ENSG00000102290
PCDH11Y,ENSG00000099715;ENSG00000280342
ABCA2,ENSG00000107331
SLC29A3,ENSG00000198246
ACPT,ENSG00000142513
LYNX1,ENSG00000180155
GPR63,ENSG00000112218
GPR62,ENSG00000180929
GPR61,ENSG00000156097
ULBP3,ENSG00000131019
ULBP2,ENSG00000131015
ULBP1,ENSG00000111981
RTN4R,ENSG00000040608
SLC19A3,ENSG00000135917
IMPG2,ENSG00000081148
SLC13A1,ENSG00000081800
CD244,ENSG00000122223
SIGLEC1,ENSG00000088827
CNTNAP4,ENSG00000152910
ZDHHC5,ENSG00000156599
SEMA4C,ENSG00000168758
TTYH3,ENSG00000136295
THSD7B,ENSG00000144229
SLC39A8,ENSG00000138821
HLA-DRB1,ENSG00000206306;ENSG00000196126;ENSG00000206240;ENSG00000228080
OR2B2,ENSG00000168131
OR2H1,ENSG00000204688;ENSG00000206471;ENSG00000206516;ENSG00000232984;ENSG00000224395;ENSG00000229125;ENSG00000229408;ENSG00000235132
OR2J1,ENSG00000204702;ENSG00000226931
OR11A1,ENSG00000204694;ENSG00000206472;ENSG00000206517;ENSG00000223898;ENSG00000234347;ENSG00000237258;ENSG00000230780;ENSG00000232289
OR8D2,ENSG00000197263;ENSG00000279116
GPR88,ENSG00000181656
SLC6A16,ENSG00000063127
VN1R1,ENSG00000178201
NMUR2,ENSG00000132911
NPFFR1,ENSG00000148734
MCOLN1,ENSG00000090674
SLC5A7,ENSG00000115665
CHRNA10,ENSG00000129749
GFRA4,ENSG00000125861
ADAM19,ENSG00000135074
SLC22A4,ENSG00000197208
LMAN2L,ENSG00000114988
SLITRK2,
PCDHAC1,ENSG00000248383
CDH19,ENSG00000071991
ABCG4,ENSG00000172350
MUC3B,
LPAR5,ENSG00000184574
UNC93B1,ENSG00000110057
TRPV6,ENSG00000165125
TMX4,ENSG00000125827
MEGF9,ENSG00000106780
SLC6A17,ENSG00000197106
OPN3,ENSG00000054277
OR2AG1,ENSG00000279486;ENSG00000170803
OR10A5,ENSG00000166363
OR10A2,ENSG00000170790
OR10A4,ENSG00000170782
OR2D2,ENSG00000166368
ABCG5,ENSG00000138075
S1PR5,ENSG00000180739
P2RY12,ENSG00000169313
CDH23,ENSG00000107736
OR51E2,ENSG00000167332
DCSTAMP,ENSG00000164935
CXCL16,ENSG00000161921
SLC26A1,ENSG00000145217
OR52A5,ENSG00000171944
OR51V1,ENSG00000176742
SEMA6A,ENSG00000092421
SLC38A1,ENSG00000111371
SLC6A15,ENSG00000072041
ADAM7,ENSG00000069206
MS4A6A,ENSG00000110077
CLEC4M,ENSG00000104938
SLC12A5,ENSG00000124140
SLCO5A1,ENSG00000137571
TTYH1,ENSG00000167614;ENSG00000276887;ENSG00000275650;ENSG00000276537
TMEM245,ENSG00000106771
OR51B5,ENSG00000242180
OR51B6,ENSG00000176239
OR51M1,ENSG00000184698
OR51J1,ENSG00000184321
OR51I1,ENSG00000167359
OR51I2,ENSG00000187918
OR52D1,ENSG00000181609
HRH4,ENSG00000134489
MUC13,ENSG00000173702
SEMA4A,ENSG00000196189
TMPRSS5,ENSG00000166682
SEMA6C,ENSG00000143434
SEMA6B,ENSG00000167680
LRRN3,ENSG00000173114
FZD8,ENSG00000177283
DPEP2,ENSG00000167261
DPEP3,ENSG00000141096
CLSTN2,ENSG00000158258
SLC32A1,ENSG00000101438
PIEZO2,ENSG00000154864
CDCP1,ENSG00000163814
SLITRK6,
IGFLR1,ENSG00000126246
CLMP,ENSG00000166250
FNDC4,ENSG00000115226
TMEM231,ENSG00000205084
ANTXR1,ENSG00000169604
RNF167,ENSG00000108523
LRRC19,ENSG00000184434
ATP13A3,ENSG00000133657
C10orf54,ENSG00000107738
NIPAL2,ENSG00000104361
MANSC1,ENSG00000111261
CNNM2,ENSG00000148842
ZDHHC11,ENSG00000188818
ERVMER34-1,ENSG00000226887
CHODL,ENSG00000154645
FKRP,ENSG00000181027
CALHM2,ENSG00000138172
SLC52A2,ENSG00000185803
LPHN3,ENSG00000150471
SLC28A3,ENSG00000197506
EDA2R,ENSG00000131080
IL1RL2,ENSG00000115598
NMUR1,ENSG00000171596
TRPV4,ENSG00000111199
CDHR5,
IL21R,ENSG00000103522
LY9,ENSG00000122224
TMEM27,ENSG00000147003
LRTM1,ENSG00000144771
CDH20,ENSG00000101542
SPACA1,ENSG00000118434
LPAR2,ENSG00000064547
LRRC4,ENSG00000128594
ELTD1,ENSG00000162618
LGR6,ENSG00000133067
RXFP1,ENSG00000171509
PCDH9,ENSG00000184226
SLC24A3,ENSG00000185052
CRLF2,ENSG00000205755
GPR35,ENSG00000178623
GDPD2,ENSG00000130055
ANKH,ENSG00000154122
LRRC4C,ENSG00000148948
ROBO2,ENSG00000185008
PCDH18,ENSG00000189184
PLXNA4,ENSG00000221866
TMEM8A,ENSG00000129925
GP6,ENSG00000088053;ENSG00000275633;ENSG00000276211;ENSG00000275931;ENSG00000276065;ENSG00000277439;ENSG00000274050;ENSG00000274566;ENSG00000278670;ENSG00000278316
CD248,ENSG00000174807
CELSR2,ENSG00000143126
ATP13A1,ENSG00000105726
PTPRH,ENSG00000080031
TM9SF3,ENSG00000077147
NRXN3,ENSG00000021645
,
,
SLC40A1,ENSG00000138449
IL1RAPL2,ENSG00000189108
ABCB9,ENSG00000150967
SLC6A20,ENSG00000163817
SLC39A2,ENSG00000165794
TREM1,ENSG00000124731
KCNMB3,ENSG00000171121
MMP25,ENSG00000008516
ACKR4,ENSG00000129048
LTB4R2,ENSG00000213906
SLCO1B3,ENSG00000111700
NRN1,ENSG00000124785
CD320,ENSG00000167775
FZD3,ENSG00000104290
PCDH12,ENSG00000113555
IL1RAP,ENSG00000196083
NOX4,ENSG00000086991
SEMA4B,ENSG00000185033
GPR108,ENSG00000125734
C14orf132,ENSG00000227051
CD93,ENSG00000125810
ATP13A2,ENSG00000159363
SLAMF7,ENSG00000026751
TMEM9B,ENSG00000175348
SLC52A3,ENSG00000101276
EQTN,ENSG00000120160
GPRC5C,ENSG00000170412
ANO2,ENSG00000047617
TRPV5,ENSG00000127412
OR2S2,ENSG00000278889;ENSG00000122718
PVRL3,ENSG00000177707
GPR84,ENSG00000139572
ITM2C,ENSG00000135916
CD163L1,ENSG00000177675
DLL4,ENSG00000128917
TLR9,ENSG00000239732
TLR8,ENSG00000101916
SLC17A5,ENSG00000119899
DUOX2,ENSG00000140279
DUOX1,ENSG00000137857
PCDHB16,ENSG00000272674
SLC2A9,ENSG00000109667
IL17RB,ENSG00000056736
TPSG1,ENSG00000116176
SERINC1,ENSG00000111897
THSD1,ENSG00000136114
RPRM,ENSG00000177519
GPR173,ENSG00000184194
GPR27,ENSG00000170837
TNFRSF19,ENSG00000127863
CYSLTR2,ENSG00000152207
SLC7A10,
TM7SF3,ENSG00000064115
SLC22A11,ENSG00000168065
SLC6A13,ENSG00000010379
RXFP3,ENSG00000182631;ENSG00000277069
IGSF5,ENSG00000183067
TENM2,ENSG00000145934
LRRC4B,ENSG00000131409
PKDREJ,ENSG00000130943
SEMA4G,ENSG00000095539
GJB4,ENSG00000189433
GINM1,ENSG00000055211
SLC39A9,ENSG00000029364
TMEM106B,ENSG00000106460
LMBRD1,ENSG00000168216
TMEM140,ENSG00000146859
TMEM30A,ENSG00000112697
SLC52A1,ENSG00000132517
RHBDL2,ENSG00000158315
TMEM161A,ENSG00000064545
ERVK13-1,
SIDT1,ENSG00000072858
STAB1,
CLEC5A,ENSG00000258227
CLDND1,ENSG00000080822
ASIC5,ENSG00000256394
SCN3A,ENSG00000153253
SLC2A8,ENSG00000136856
SCN3B,ENSG00000166257
VNN3,ENSG00000093134
SLC5A4,ENSG00000100191
SLCO1C1,ENSG00000139155
DLL3,ENSG00000090932
TLR7,ENSG00000196664
GPR83,ENSG00000123901
CELSR1,ENSG00000075275
CELSR3,ENSG00000008300
FAT2,ENSG00000086570
TAS2R16,ENSG00000128519
TAS2R14,ENSG00000212127;ENSG00000261984;ENSG00000276541
TAS2R10,ENSG00000121318;ENSG00000272805;ENSG00000277238
TAS2R9,ENSG00000121381;ENSG00000273086;ENSG00000273713
TAS2R8,ENSG00000121314;ENSG00000272712;ENSG00000277316
TAS2R7,ENSG00000121377;ENSG00000273326;ENSG00000274327
TAS2R4,ENSG00000127364
TAS2R3,ENSG00000127362
TAS2R1,ENSG00000169777
CALY,ENSG00000130643
SIGLEC8,ENSG00000105366
PODXL2,ENSG00000114631
NLGN3,ENSG00000196338
TREM2,ENSG00000095970
GPRC5D,ENSG00000111291
GPRC5B,ENSG00000167191
MYOF,ENSG00000138119
IL1RAPL1,ENSG00000169306
OR6C3,ENSG00000205329
OR6C2,ENSG00000179695
OR5AC2,ENSG00000196578
CD274,ENSG00000120217
LRP1B,ENSG00000168702
KLRF1,ENSG00000150045
FLRT3,ENSG00000125848
FLRT1,ENSG00000126500
CRIM1,ENSG00000150938
ADAM22,ENSG00000008277
PKD2L1,ENSG00000107593
TMEM9,ENSG00000116857
SLAMF8,ENSG00000158714
CACNA1I,ENSG00000100346
NTM,ENSG00000182667
CLEC1B,ENSG00000165682
TAAR2,ENSG00000146378
OR1A1,ENSG00000172146
TMEM63C,ENSG00000165548
SIRPG,ENSG00000089012
CNTN3,ENSG00000113805
LRFN1,ENSG00000128011
TENM3,ENSG00000218336
SEMA5B,ENSG00000082684
C5AR2,ENSG00000134830
PTGFRN,ENSG00000134247
PCDH10,ENSG00000138650
IGSF9,ENSG00000085552
PTCHD2,ENSG00000204624
NRXN2,ENSG00000110076
SLC17A7,ENSG00000104888
SLC17A6,ENSG00000091664
LRIT1,
HLA-C,ENSG00000206435;ENSG00000206452
HLA-DRB1,ENSG00000229074;ENSG00000236884
RHCG,ENSG00000140519
MRC2,ENSG00000011028
P2RX2,ENSG00000187848
CACNG4,ENSG00000075461
TNFRSF10D,ENSG00000173530
GABBR1,ENSG00000204681;ENSG00000206466;ENSG00000206511;ENSG00000232632;ENSG00000237112;ENSG00000232569;ENSG00000237051
SUCO,ENSG00000094975
SLC9A2,ENSG00000115616
LPAR3,ENSG00000171517
KL,ENSG00000133116
CACNG5,ENSG00000075429
EPHA6,ENSG00000080224
OR14J1,ENSG00000112459;ENSG00000204695;ENSG00000236927;ENSG00000234195;ENSG00000225291;ENSG00000234100;ENSG00000237777
OR5V1,ENSG00000112461;ENSG00000243729;ENSG00000227137;ENSG00000233046;ENSG00000243441
OR12D3,ENSG00000204692;ENSG00000112462;ENSG00000224487;ENSG00000242022
SLC23A2,ENSG00000089057
CHRNA9,ENSG00000174343
CD300A,ENSG00000167851
SLC2A6,ENSG00000160326
SUSD2,ENSG00000099994
CNTNAP2,ENSG00000174469
NPC1L1,ENSG00000015520
IL20RA,ENSG00000016402
SLC23A1,ENSG00000170482
OPN4,ENSG00000122375
CLEC2D,ENSG00000069493
SLC12A6,ENSG00000140199
EMR2,ENSG00000127507
SCN11A,ENSG00000168356
SLC24A2,ENSG00000155886
CD84,ENSG00000066294
SLCO3A1,ENSG00000176463
TMEFF2,ENSG00000144339
LNPEP,ENSG00000113441
PLXNA1,ENSG00000114554
GGT7,ENSG00000131067
GPR160,ENSG00000173890
CDH22,ENSG00000149654
ENPP5,ENSG00000112796
LAMP5,ENSG00000125869
NAGPA,ENSG00000103174
AJAP1,ENSG00000196581
ADAM30,ENSG00000134249
ADAM29,ENSG00000168594
SLC13A4,ENSG00000164707
ERVK-9,
PILRB,ENSG00000121716
PILRA,ENSG00000085514
ADAM21,ENSG00000139985
OR52A1,ENSG00000182070
GJD2,ENSG00000159248
MUC12,ENSG00000205277
UTS2R,ENSG00000181408
ADAM28,ENSG00000042980
TRHDE,ENSG00000072657
ITGA11,ENSG00000137809
PRND,ENSG00000171864
TENM1,ENSG00000009694
TMPRSS11E,ENSG00000087128
NRXN1,ENSG00000179915
CDH9,ENSG00000113100
CDH7,ENSG00000081138
EMCN,ENSG00000164035
SLC39A10,ENSG00000196950
LRFN2,ENSG00000156564
HEG1,ENSG00000173706
GRID1,ENSG00000182771
RNF150,ENSG00000170153
PLXNB3,ENSG00000198753
TPCN1,ENSG00000186815
FZD4,ENSG00000174804
FZD10,ENSG00000111432
CA14,ENSG00000118298
MMP17,ENSG00000198598
HHLA2,ENSG00000114455
NOTCH3,ENSG00000074181
ALK,ENSG00000171094
ICAM5,ENSG00000105376
SLC45A2,ENSG00000164175
PTPRQ,ENSG00000139304
ATP1B4,ENSG00000101892
PCDHB8,ENSG00000120322
PCDHB10,ENSG00000120324
PCDHGC3,ENSG00000240184
PCDHGB4,ENSG00000253953
PCDHA7,ENSG00000204963
PCDHA6,ENSG00000081842
PCDHA4,ENSG00000204967
PCDHA12,ENSG00000251664
SLC6A14,ENSG00000268104
GABRQ,ENSG00000268089
EDAR,ENSG00000135960
TNFSF18,ENSG00000120337
PROCR,ENSG00000101000
ABCG2,ENSG00000118777
GPR132,ENSG00000183484
FZD1,ENSG00000157240
SLC12A4,ENSG00000124067
GPR34,ENSG00000171659
FLVCR2,ENSG00000119686
SLC8A2,ENSG00000118160
SORCS3,ENSG00000156395
IGSF9B,ENSG00000080854
THSD7A,ENSG00000005108
CNTN6,ENSG00000134115
CLCA2,ENSG00000137975
SCN8A,
ERVW-1,ENSG00000242950
NAALADL1,ENSG00000168060
LAMP3,ENSG00000078081
JAG2,ENSG00000184916
SLC22A13,ENSG00000172940
SLC22A14,ENSG00000144671
CYSLTR1,ENSG00000173198
TNFSF13B,ENSG00000102524
SIGLEC7,ENSG00000168995
ITM2B,ENSG00000136156
SLC5A6,ENSG00000138074
TLR6,ENSG00000174130
NTNG1,ENSG00000162631
GPR52,ENSG00000203737
GPR55,ENSG00000135898
SIGLEC9,ENSG00000129450
SLC6A5,ENSG00000165970
TMED7,ENSG00000134970
OR2W1,ENSG00000204704;ENSG00000206525;ENSG00000227639;ENSG00000228977;ENSG00000226463;ENSG00000234101;ENSG00000228652;ENSG00000229328
SIT1,ENSG00000137078
ADAM18,ENSG00000168619;ENSG00000278548
ATP6V0A2,ENSG00000185344
ZAN,ENSG00000146839
OR10H1,ENSG00000186723
NRXN3,ENSG00000021645
DAGLA,ENSG00000134780
PLXND1,ENSG00000004399
LRP12,
OR1A2,ENSG00000172150
PCDHB9,ENSG00000177839
PCDHB7,ENSG00000113212
PCDHB6,ENSG00000113211
PCDHB5,ENSG00000113209
PCDHB4,ENSG00000081818
PCDHB3,ENSG00000113205
PCDHB2,ENSG00000112852
PCDHB15,ENSG00000113248
PCDHB14,ENSG00000120327
PCDHB13,ENSG00000187372
PCDHB12,ENSG00000120328
PCDHB11,ENSG00000197479
PCDHB1,ENSG00000171815
PCDHGC5,ENSG00000240764
PCDHGC4,ENSG00000242419
PCDHGB7,ENSG00000254122
PCDHGB6,ENSG00000253305
PCDHGB5,ENSG00000276547
PCDHGB3,ENSG00000262209
PCDHGB2,ENSG00000253910
PCDHGB1,ENSG00000254221
PCDHGA9,ENSG00000261934
PCDHGA8,ENSG00000253767
PCDHGA7,ENSG00000253537
PCDHGA6,ENSG00000253731
PCDHGA5,ENSG00000253485
PCDHGA4,
PCDHGA3,ENSG00000254245
PCDHGA2,ENSG00000081853
PCDHGA11,ENSG00000253873
PCDHGA10,ENSG00000253846
PCDHGA1,ENSG00000204956
PCDHA9,ENSG00000204961
PCDHA8,ENSG00000204962
PCDHA5,ENSG00000204965
PCDHA3,ENSG00000255408
PCDHA2,ENSG00000204969
PCDHA13,ENSG00000239389
PCDHA11,ENSG00000249158
PCDHA10,ENSG00000250120
PCDHA1,ENSG00000204970
PCDHAC2,ENSG00000243232
CLDN16,ENSG00000113946
HRH3,ENSG00000101180
OR51B4,ENSG00000183251
OR51B2,ENSG00000184881;ENSG00000279012
CORIN,ENSG00000145244
TRPV2,ENSG00000187688
TNFRSF18,ENSG00000186891
NPFFR2,ENSG00000056291
FLVCR1,ENSG00000162769
GPR45,ENSG00000135973
PTGDR2,ENSG00000183134
LYVE1,ENSG00000133800
SCN10A,ENSG00000185313
BACE2,ENSG00000182240
F11R,ENSG00000158769
GPC6,ENSG00000183098
NPTN,ENSG00000156642
GPR56,ENSG00000205336
SLC12A7,ENSG00000113504
KCNMB2,ENSG00000197584;ENSG00000275163
SLC22A7,ENSG00000137204
CACNG2,ENSG00000166862
MRVI1,ENSG00000072952
GJA3,ENSG00000121743
SLCO1B1,ENSG00000134538
PRSS21,ENSG00000007038
SLC30A1,ENSG00000170385
SLC4A7,ENSG00000033867
ROBO1,ENSG00000169855
CDH10,ENSG00000040731
TNFRSF11A,ENSG00000141655
SLC4A4,ENSG00000080493
ICOS,ENSG00000163600
ENPP4,ENSG00000001561
