Protein,Gene,Transcript,SignalP,TargetP,TMHMM,PredGPI,WoLF.PSORT,SecretomeP,Uniprot
ENSMUSP00000000033,ENSMUSG00000048583,ENSMUST00000000033,0.874,0.985,PredHel=1,0.595698,"extr 21, plas 6, lyso 4",0.892,P09535
ENSMUSP00000000186,ENSMUSG00000000182,ENSMUST00000000186,0.842,0.886,PredHel=0,0.188983,extr 31,0.95,Q9EPC2
ENSMUSP00000000187,ENSMUSG00000000183,ENSMUST00000000187,0.293,0.404,PredHel=1,0.811064,"extr 19.5, extr_plas 11, mito 9",0.942,P21658
ENSMUSP00000000194,ENSMUSG00000035352,ENSMUST00000000194,0.916,0.974,PredHel=0,0.879654,extr 32,0.964,"Q62401, Q545B5"
ENSMUSP00000000220,ENSMUSG00000000215,ENSMUST00000000220,0.892,0.972,PredHel=0,0.956228,extr 32,0.974,"P01326, Q5EEX1"
ENSMUSP00000000287,ENSMUSG00000000278,ENSMUST00000000287,0.917,0.982,PredHel=1,0.191441,"extr 15, E.R. 9.5, E.R._golg 6, lyso 3, golg ",0.786,Q920A5
ENSMUSP00000000342,ENSMUSG00000020676,ENSMUST00000000342,0.894,0.967,PredHel=0,0.235484,extr 30,0.912,P48298
ENSMUSP00000000412,ENSMUSG00000000402,ENSMUST00000000412,0.726,0.971,PredHel=0,0.00552051,"extr 14, cyto 7, extr_plas 7, cyto_nucl 6.5, ",0.605,Q9JJZ5
ENSMUSP00000000769,ENSMUSG00000000753,ENSMUST00000000769,0.831,0.882,PredHel=0,0.992242,"extr 22, plas 6, pero 3, cysk_plas 3, cyto_pl",0.662,P97298
ENSMUSP00000000834,ENSMUSG00000000817,ENSMUST00000000834,0.143,0.356,PredHel=1,0.99476,"plas 9, extr_plas 8.5, mito 7, extr 6, mito_n",0.963,P41047
ENSMUSP00000000889,ENSMUSG00000000869,ENSMUST00000000889,0.76,0.832,PredHel=0,0.431632,extr 31,0.951,P07750
ENSMUSP00000001008,ENSMUSG00000000982,ENSMUST00000001008,0.826,0.957,PredHel=0,0.734738,extr 32,0.918,"P10855, Q5QNW0"
ENSMUSP00000001156,ENSMUSG00000001128,ENSMUST00000001156,0.889,0.962,PredHel=0,0.557449,"extr 23, extr_plas 13.5, lyso 4, plas 2, E.R.",0.677,P11680
ENSMUSP00000001547,ENSMUSG00000001506,ENSMUST00000001547,0.823,0.966,PredHel=0,0.922676,"extr 23, E.R. 6",0.169,P11087
ENSMUSP00000001927,ENSMUSG00000001870,ENSMUST00000001927,0.88,0.932,PredHel=0,0.896419,"extr 22, mito 6, E.R. 2.5",0.491,Q8CG19
ENSMUSP00000002100,ENSMUSG00000002032,ENSMUST00000002100,0.65,0.854,PredHel=1,0.00850175,"extr 18.5, extr_plas 11.5, plas 3.5, cyto 3, ",0.211,Q9DCF1
ENSMUSP00000002274,ENSMUSG00000002204,ENSMUST00000002274,0.801,0.95,PredHel=0,0.420594,"extr 17, E.R. 10, lyso 5, E.R._mito 5, E.R._g",0.732,O09043
ENSMUSP00000002284,ENSMUSG00000046223,ENSMUST00000002284,0.892,0.886,PredHel=1,5.07E-11,"extr 27, extr_plas 15",0.448,P35456
ENSMUSP00000002678,ENSMUSG00000002603,ENSMUST00000002678,0.679,0.96,PredHel=0,0.0855335,"extr 18, E.R._golg 6, E.R. 5.5, golg 5.5",0.917,P04202
ENSMUSP00000002708,ENSMUSG00000002633,ENSMUST00000002708,0.884,0.928,PredHel=0,0.516064,"extr 14, E.R. 5, plas 4, lyso 4, E.R._golg 4",0.362,Q62226
ENSMUSP00000002740,ENSMUSG00000002664,ENSMUST00000002740,0.918,0.962,PredHel=0,0.990895,extr 32,0.917,A1L3Q1
ENSMUSP00000002885,ENSMUSG00000002808,ENSMUST00000002885,0.821,0.853,PredHel=0,0.905797,"extr 13, mito 10.5, cyto_mito 7.5, cyto 3.5, ",0.914,Q99M71
ENSMUSP00000003066,ENSMUSG00000002985,ENSMUST00000003066,0.937,0.971,PredHel=0,0.0890903,"extr 25, E.R. 3, pero 3",0.92,"P08226, Q3TXU4"
ENSMUSP00000003074,ENSMUSG00000002992,ENSMUST00000003074,0.9,0.955,PredHel=0,0.155614,extr 31,0.909,Q05020
ENSMUSP00000003274,ENSMUSG00000003206,ENSMUST00000003274,0.551,0.765,PredHel=0,0.914124,"extr 25, mito 5",0.934,O35228
ENSMUSP00000003659,ENSMUSG00000031849,ENSMUST00000003659,0.815,0.916,PredHel=0,0.357111,"extr 28, E.R. 2",0.369,Q9R0G6
ENSMUSP00000003808,ENSMUSG00000038508,ENSMUST00000003808,0.892,0.937,PredHel=0,0.993746,extr 31,0.901,Q9Z0J7
ENSMUSP00000004587,ENSMUSG00000004473,ENSMUST00000004587,0.746,0.943,PredHel=0,0.644746,"extr 17, mito 6, lyso 4, mito_nucl 4",0.927,O88200
ENSMUSP00000005073,ENSMUSG00000004948,ENSMUST00000005073,0.822,0.959,PredHel=1,0.841377,"extr 22.5, extr_plas 13, pero 4, plas 2.5, cy",0.528,P10761
ENSMUSP00000005334,ENSMUSG00000005202,ENSMUST00000005334,0.876,0.94,PredHel=0,0.314503,"extr 20, E.R. 4, plas 3, lyso 3",0.771,P97497
ENSMUSP00000005849,ENSMUSG00000005705,ENSMUST00000005849,0.941,0.927,PredHel=0,0.428972,extr 31,0.93,P56473
ENSMUSP00000006235,ENSMUSG00000021939,ENSMUST00000006235,0.933,0.962,PredHel=0,0.341421,"extr 28, lyso 4",0.796,P10605
ENSMUSP00000006367,ENSMUSG00000006205,ENSMUST00000006367,0.947,0.897,PredHel=0,0.0965555,"extr 14, E.R. 6, pero 5, lyso 5, mito_pero 4",0.67,Q9R118
ENSMUSP00000006703,ENSMUSG00000021922,ENSMUST00000006703,0.828,0.983,PredHel=0,0.934396,"extr 23, lyso 5, mito 2",0.56,A6X935
ENSMUSP00000006745,ENSMUSG00000006570,ENSMUST00000006745,0.851,0.963,PredHel=0,0.378354,extr 31,0.921,P82020
ENSMUSP00000006952,ENSMUSG00000040017,ENSMUST00000006952,0.884,0.941,PredHel=0,0.336222,extr 31,0.917,P31532
ENSMUSP00000006956,ENSMUSG00000040026,ENSMUST00000006956,0.839,0.962,PredHel=0,0.696915,"extr 28, cyto 1, mito 1, E.R. 1, lyso 1, E.R.",0.782,P04918
ENSMUSP00000007423,ENSMUSG00000007279,ENSMUST00000007423,0.919,0.943,PredHel=0,0.141331,"extr 25, E.R. 3, lyso 3",0.444,Q9JJS0
ENSMUSP00000007738,ENSMUSG00000007594,ENSMUST00000007738,0.904,0.867,PredHel=1,0.169075,"extr 25, lyso 3, plas 1, mito 1, E.R. 1, pero",0.36,Q80WM4
ENSMUSP00000009143,ENSMUSG00000008999,ENSMUST00000009143,0.783,0.769,PredHel=0,0.734542,"mito 13, extr 9, cyto_mito 8.33333, lyso 5, p",0.907,P23359
ENSMUSP00000010941,ENSMUSG00000010797,ENSMUST00000010941,0.877,0.959,PredHel=0,0.119162,extr 29,0.916,P21552
ENSMUSP00000011391,ENSMUSG00000047257,ENSMUST00000011391,0.695,0.58,PredHel=0,6.01E-05,"extr 25, lyso 5",0.706,Q8K4I7
ENSMUSP00000012849,ENSMUSG00000012705,ENSMUST00000012849,0.882,0.979,PredHel=0,0.271583,extr 31,0.924,Q99P87
ENSMUSP00000014830,ENSMUSG00000014686,ENSMUST00000014830,0.838,0.988,PredHel=0,0.998309,"extr 21, cyto 3, plas 2, cyto_nucl 2, pero 2,",0.768,E9QA28
ENSMUSP00000014957,ENSMUSG00000014813,ENSMUST00000014957,0.696,0.869,PredHel=0,0.786747,extr 30,0.927,O55183
ENSMUSP00000015394,ENSMUSG00000050578,ENSMUST00000015394,0.909,0.953,PredHel=0,0.217388,"extr 20, E.R. 4, lyso 3, E.R._mito 3",0.683,P33435
ENSMUSP00000015663,ENSMUSG00000015519,ENSMUST00000015663,0.848,0.958,PredHel=0,0.121792,"extr 16, plas 7, lyso 5, E.R. 3",0.858,Q8C6C9
ENSMUSP00000015712,ENSMUSG00000015568,ENSMUST00000015712,0.841,0.904,PredHel=0,0.000736436,"extr 20, E.R. 4.5, pero 4, E.R._mito 3",0.781,P11152
ENSMUSP00000015994,ENSMUSG00000015850,ENSMUST00000015994,0.838,0.959,PredHel=0,0.995931,"extr 18, nucl 7, lyso 6, cyto_nucl 5",0.548,Q80T21
ENSMUSP00000015998,ENSMUSG00000015854,ENSMUST00000015998,0.87,0.948,PredHel=0,0.235481,"extr 22, cyto 3.5, cyto_pero 3, E.R. 2, lyso ",0.714,Q9QWK4
ENSMUSP00000016087,ENSMUSG00000015943,ENSMUST00000016087,0.165,0.032,PredHel=0,0.884816,"mito 21, extr 6, cyto_nucl 2.33333, cyto 2, c",0.904,Q9D8S9
ENSMUSP00000016168,ENSMUSG00000016024,ENSMUST00000016168,0.817,0.919,PredHel=0,0.417383,"extr 20, mito 4, lyso 4, cyto_pero 2.33333, m",0.675,Q61805
ENSMUSP00000016315,ENSMUSG00000026639,ENSMUST00000016315,0.883,0.949,PredHel=0,0.68559,"extr 28, E.R. 2",0.295,Q61087
ENSMUSP00000016673,ENSMUSG00000016529,ENSMUST00000016673,0.842,0.835,PredHel=0,0.0520849,"extr 28, cyto_mito 3.5",0.945,P18893
ENSMUSP00000017208,ENSMUSG00000017064,ENSMUST00000017208,0.77,0.946,PredHel=0,0.48487,"extr 25, mito 2, pero 2, mito_pero 2",0.936,Q9JII2
ENSMUSP00000017309,ENSMUSG00000017165,ENSMUST00000017309,0.846,0.965,PredHel=0,0.671044,extr 32,0.95,P48757
ENSMUSP00000017455,ENSMUSG00000017311,ENSMUST00000017455,0.896,0.981,PredHel=1,0.893207,"extr 28, lyso 2",0.947,"Q9EPS2, Q3V334"
ENSMUSP00000017460,ENSMUSG00000017316,ENSMUST00000017460,0.873,0.979,PredHel=1,0.0459757,extr 32,0.983,"P10601, Q496X5"
ENSMUSP00000017488,ENSMUSG00000017344,ENSMUST00000017488,0.852,0.939,PredHel=0,0.707584,"extr 25, lyso 5",0.889,P29788
ENSMUSP00000017881,ENSMUSG00000017737,ENSMUST00000017881,0.877,0.933,PredHel=0,0.613047,"extr 20, lyso 4, pero 3, mito 2, cyto_pero 2",0.574,P41245
ENSMUSP00000018737,ENSMUSG00000018593,ENSMUST00000018737,0.939,0.91,PredHel=0,0.471801,"extr 25, cyto_mito 4",0.893,P07214
ENSMUSP00000019060,ENSMUSG00000018916,ENSMUST00000019060,0.845,0.913,PredHel=0,0.52918,"extr 21, cyto_mito 6.5, mito 6, cyto 3",0.81,P01587
ENSMUSP00000019074,ENSMUSG00000018930,ENSMUST00000019074,0.885,0.963,PredHel=1,0.609276,extr 32,0.972,"P14097, Q5QNV9"
ENSMUSP00000019266,ENSMUSG00000019122,ENSMUST00000019266,0.812,0.929,PredHel=0,0.582345,extr 30,0.935,"P51670, Q3U9T8"
ENSMUSP00000019723,ENSMUSG00000019579,ENSMUST00000019723,0.819,0.924,PredHel=0,0.0656248,extr 29,0.935,Q9CPT4
ENSMUSP00000019992,ENSMUSG00000019846,ENSMUST00000019992,0.897,0.973,PredHel=0,0.0655352,"extr 20, E.R. 5, lyso 5",0.49,P97927
ENSMUSP00000020022,ENSMUSG00000019872,ENSMUST00000020022,0.922,0.949,PredHel=0,0.0145617,"extr 20, E.R. 7, pero 3",0.812,P70158
ENSMUSP00000020129,ENSMUSG00000019966,ENSMUST00000020129,0.803,0.975,PredHel=1,0.573958,"extr 27, pero 2",0.187,P20826
ENSMUSP00000020507,ENSMUSG00000057967,ENSMUST00000020507,0.899,0.983,PredHel=0,0.250749,"extr 27, lyso 4",0.783,O89101
ENSMUSP00000020575,ENSMUSG00000020325,ENSMUST00000020575,0.867,0.958,PredHel=0,0.547936,"extr 25, nucl 2, cyto 2, mito 2, cyto_nucl 2,",0.851,Q9EQC7
ENSMUSP00000020650,ENSMUSG00000020383,ENSMUST00000020650,0.844,0.97,PredHel=1,0.869892,extr 32,0.965,P20109
ENSMUSP00000020704,ENSMUSG00000020429,ENSMUST00000020704,0.864,0.969,PredHel=0,0.866378,"extr 25, cyto 2, pero 2, lyso 2, cyto_pero 2",0.776,P47876
ENSMUSP00000020710,ENSMUSG00000020432,ENSMUST00000020710,0.877,0.966,PredHel=0,0.521285,"extr 18, plas 4, E.R. 3, lyso 3, pero 2.5, cy",0.661,O88968
ENSMUSP00000021011,ENSMUSG00000035373,ENSMUST00000021011,0.942,0.979,PredHel=1,0.321257,extr 31,0.947,"Q03366, A9Z1Z1"
ENSMUSP00000021179,ENSMUSG00000020830,ENSMUST00000021179,0.744,0.908,PredHel=0,0.253979,"extr 24, cyto_pero 4, cyto 3.5",0.907,Q5SXG7
ENSMUSP00000021242,ENSMUSG00000020872,ENSMUST00000021242,0.82,0.957,PredHel=0,0.79713,"extr 28, lyso 3",0.959,Q99N14
ENSMUSP00000021328,ENSMUSG00000020945,ENSMUST00000021328,0.599,0.929,PredHel=0,0.10519,extr 31,0.918,Q9DA11
ENSMUSP00000021603,ENSMUSG00000021186,ENSMUST00000021603,0.84,0.864,PredHel=0,0.784477,"extr 28, lyso 4",0.823,Q9WVH9
ENSMUSP00000021610,ENSMUSG00000021194,ENSMUST00000021610,0.913,0.928,PredHel=0,0.301787,"extr 23, E.R. 7",0.415,P26339
ENSMUSP00000021646,ENSMUSG00000021223,ENSMUST00000021646,0.855,0.916,PredHel=0,0.985577,"extr 21, mito 4, cyto_mito 3.5, nucl 3",0.483,Q9EPX2
ENSMUSP00000021757,ENSMUSG00000021322,ENSMUST00000021757,0.862,0.966,PredHel=0,0.210419,"extr 15, extr_plas 11.5, plas 6, pero 6, lyso",0.607,O35298
ENSMUSP00000021778,ENSMUSG00000055360,ENSMUST00000021778,0.831,0.981,PredHel=0,0.0767043,"extr 27, lyso 5",0.88,Q9JLV9
ENSMUSP00000021892,ENSMUSG00000021440,ENSMUST00000021892,0.861,0.961,PredHel=0,0.511483,"extr 23, E.R. 6",0.834,Q91ZF2
ENSMUSP00000021948,ENSMUSG00000021492,ENSMUST00000021948,0.881,0.937,PredHel=0,0.843732,"extr 18, nucl 5.5, cyto_nucl 5, lyso 4, cyto ",0.664,Q80YC5
ENSMUSP00000022019,ENSMUSG00000021538,ENSMUST00000022019,0.909,0.948,PredHel=0,0.759714,extr 31,0.95,P15247
ENSMUSP00000022108,ENSMUSG00000021613,ENSMUST00000022108,0.905,0.938,PredHel=0,0.235349,"extr 27, E.R. 3",0.649,Q9QUP5
ENSMUSP00000022150,ENSMUSG00000021647,ENSMUST00000022150,0.908,0.96,PredHel=0,0.128632,extr 32,0.925,P56388
ENSMUSP00000022213,ENSMUSG00000021702,ENSMUST00000022213,0.815,0.89,PredHel=0,0.529557,"extr 22, mito 3, lyso 3, cyto_mito 3",0.495,Q9Z1T2
ENSMUSP00000022340,ENSMUSG00000021806,ENSMUST00000022340,0.862,0.954,PredHel=0,0.668095,"extr 18, extr_plas 14, plas 8, lyso 3",0.57,O88322
ENSMUSP00000022545,ENSMUSG00000021974,ENSMUST00000022545,0.102,0.132,PredHel=0,0.656589,"E.R._mito 7, extr 6, E.R. 6, mito_pero 5.6666",0.915,P54130
ENSMUSP00000022592,ENSMUSG00000022015,ENSMUST00000022592,0.136,0.133,PredHel=1,0.89516,"plas 11, mito 9, extr_plas 7, E.R. 6, lyso 3",0.928,O35235
ENSMUSP00000022616,ENSMUSG00000022037,ENSMUST00000022616,0.864,0.957,PredHel=0,0.34943,"extr 17, E.R. 12",0.69,"Q06890, Q549A5"
ENSMUSP00000022660,ENSMUSG00000034205,ENSMUST00000022660,0.879,0.975,PredHel=0,0.821023,"extr 20.5, extr_plas 11, E.R. 8",0.64,P58022
ENSMUSP00000022697,ENSMUSG00000022101,ENSMUST00000022697,0.847,0.938,PredHel=0,0.581863,"extr 24, pero 2, lyso 2, golg 2",0.715,P63075
ENSMUSP00000022704,ENSMUSG00000022108,ENSMUST00000022704,0.127,0.281,PredHel=1,0.853715,"cyto 28, mito 2",0.911,O89051
ENSMUSP00000022707,ENSMUSG00000022112,ENSMUST00000022707,0.913,0.914,PredHel=0,4.94E-07,"extr 17, lyso 5, mito 4, pero 4, cyto_mito 3.",0.518,Q8CAL5
ENSMUSP00000022836,ENSMUSG00000022227,ENSMUST00000022836,0.908,0.947,PredHel=0,0.274376,"extr 26, mito 3",0.793,P11034
ENSMUSP00000023364,ENSMUSG00000022683,ENSMUST00000023364,0.884,0.907,PredHel=0,0.414723,extr 31,0.939,Q9QXX3
ENSMUSP00000023583,ENSMUSG00000022868,ENSMUST00000023583,0.82,0.961,PredHel=0,0.252154,"extr 28, lyso 2",0.661,P29699
ENSMUSP00000023611,ENSMUSG00000022894,ENSMUST00000023611,0.926,0.958,PredHel=0,0.539994,"extr 22, extr_plas 12.5, E.R. 6",0.418,Q9R001
ENSMUSP00000023734,ENSMUSG00000022997,ENSMUST00000023734,0.877,0.968,PredHel=0,0.756292,"extr 22.5, extr_plas 12.5, lyso 4, mito 3",0.807,"P04426, Q3UR96"
ENSMUSP00000023814,ENSMUSG00000023052,ENSMUST00000023814,0.899,0.972,PredHel=0,0.769362,"extr 27, cyto 2, mito 2, cyto_mito 2",0.949,Q9WVA8
ENSMUSP00000023978,ENSMUSG00000023210,ENSMUST00000023978,0.918,0.885,PredHel=0,0.174279,"extr 21, E.R. 8",0.829,Q9D267
ENSMUSP00000024004,ENSMUSG00000023235,ENSMUST00000024004,0.923,0.959,PredHel=0,0.0838599,extr 31,0.901,O35903
ENSMUSP00000024005,ENSMUSG00000023236,ENSMUST00000024005,0.867,0.935,PredHel=0,0.455461,"extr 18, mito 8, pero 2, golg 2",0.873,P12961
ENSMUSP00000024015,ENSMUSG00000023247,ENSMUST00000024015,0.912,0.978,PredHel=1,0.126253,extr 32,0.952,P33680
ENSMUSP00000024099,ENSMUSG00000023328,ENSMUST00000024099,0.88,0.987,PredHel=0,0.502094,"extr 17, lyso 8, golg 3, mito 2, cyto_golg 2",0.639,P21836
ENSMUSP00000024107,ENSMUSG00000023336,ENSMUST00000024107,0.873,0.803,PredHel=0,0.470199,"extr 28, mito 2",0.636,Q9ESH5
ENSMUSP00000024706,ENSMUSG00000023913,ENSMUST00000024706,0.809,0.949,PredHel=0,0.770001,"extr 24, nucl 2.5, plas 2, E.R. 2, cyto_nucl ",0.761,Q60963
ENSMUSP00000024747,ENSMUSG00000023951,ENSMUST00000024747,0.871,0.947,PredHel=0,0.397343,"extr 26, cyto 4",0.812,Q00731
ENSMUSP00000024782,ENSMUSG00000023987,ENSMUST00000024782,0.896,0.949,PredHel=0,0.346627,"extr 19.5, extr_plas 14, plas 7.5, E.R. 3",0.864,Q9D7R7
ENSMUSP00000024791,ENSMUSG00000023992,ENSMUST00000024791,0.885,0.954,PredHel=1,0.987106,"extr 28, plas 1, pero 1, lyso 1, golg 1",0.224,Q99NH8
ENSMUSP00000024827,ENSMUSG00000024029,ENSMUST00000024827,0.905,0.969,PredHel=1,0.608871,extr 31,0.963,Q62395
ENSMUSP00000024831,ENSMUSG00000024032,ENSMUST00000024831,0.875,0.971,PredHel=1,0.878397,extr 30,0.917,Q08423
ENSMUSP00000025062,ENSMUSG00000024225,ENSMUST00000025062,0.9,0.975,PredHel=1,0.340804,extr 31,0.931,Q9CQC2
ENSMUSP00000025076,ENSMUSG00000024233,ENSMUST00000025076,0.575,0.837,PredHel=0,0.449914,extr 32,0.929,Q9CPX3
ENSMUSP00000025230,ENSMUSG00000024371,ENSMUST00000025230,0.884,0.951,PredHel=0,0.342374,"extr 16, E.R. 7, lyso 4, golg 2",0.608,P21180
ENSMUSP00000025237,ENSMUSG00000024379,ENSMUST00000025237,0.731,0.859,PredHel=0,0.988687,"extr 25, plas 2, lyso 2",0.915,Q9JIE6
ENSMUSP00000025263,ENSMUSG00000024401,ENSMUST00000025263,0.13,0.398,PredHel=1,0.999101,"plas 15, extr_plas 10.5, mito 5, extr 4, nucl",0.928,P06804
ENSMUSP00000025266,ENSMUSG00000024402,ENSMUST00000025266,0.426,0.868,PredHel=1,0.338572,"extr 22.5, extr_plas 12, mito 7",0.942,P09225
ENSMUSP00000025363,ENSMUSG00000024486,ENSMUST00000025363,0.854,0.918,PredHel=1,0.531273,"extr 24, pero 4, plas 3",0.245,Q06186
ENSMUSP00000025554,ENSMUSG00000024653,ENSMUST00000025554,0.73,0.979,PredHel=0,0.880212,extr 31,0.954,Q06318
ENSMUSP00000025682,ENSMUSG00000024770,ENSMUST00000025682,0.884,0.961,PredHel=0,0.666876,"extr 14, mito 5, cyto_pero 4, cyto 3, E.R. 3,",0.746,Q3U4B4
ENSMUSP00000025698,ENSMUSG00000024784,ENSMUST00000025698,0.864,0.956,PredHel=0,0.392407,extr 32,0.939,"Q925Q5, A2RSW3"
ENSMUSP00000025803,ENSMUSG00000024868,ENSMUST00000025803,0.722,0.982,PredHel=1,0.332539,extr 31,0.969,O54908
ENSMUSP00000025842,ENSMUSG00000024907,ENSMUST00000025842,0.897,0.959,PredHel=1,0.842271,extr 32,0.922,P47212
ENSMUSP00000025914,ENSMUSG00000024962,ENSMUST00000025914,0.846,0.839,PredHel=0,0.0655989,"extr 23, mito 4, cyto_nucl 2, lyso 2, E.R._mi",0.628,P49766
ENSMUSP00000025986,ENSMUSG00000025013,ENSMUST00000025986,0.833,0.949,PredHel=0,0.181692,"extr 23, lyso 4, pero 3",0.484,Q9WVM6
ENSMUSP00000026081,ENSMUSG00000025091,ENSMUST00000026081,0.882,0.985,PredHel=1,0.881411,"extr 23, cyto_pero 4, mito 2, pero 2, lyso 2",0.649,Q4VBW7
ENSMUSP00000026234,ENSMUSG00000025213,ENSMUST00000026234,0.834,0.96,PredHel=1,0.788131,"extr 27, lyso 3",0.789,Q8BJ66
ENSMUSP00000026241,ENSMUSG00000025219,ENSMUST00000026241,0.84,0.856,PredHel=0,0.817245,"extr 28, E.R. 2",0.789,P37237
ENSMUSP00000026408,ENSMUSG00000025352,ENSMUST00000026408,0.834,0.944,PredHel=0,0.168543,"extr 23, E.R. 5, lyso 4",0.911,Q9Z1W4
ENSMUSP00000026449,ENSMUSG00000025383,ENSMUST00000026449,0.858,0.882,PredHel=0,0.454257,"extr 26, mito 2, nucl 1, cyto 1, cyto_nucl 1,",0.711,Q9EQ14
ENSMUSP00000026466,ENSMUSG00000025400,ENSMUST00000026466,0.868,0.963,PredHel=0,0.811419,extr 32,0.928,P55099
ENSMUSP00000027061,ENSMUSG00000025929,ENSMUST00000027061,0.928,0.981,PredHel=1,0.282732,extr 31,0.949,Q62386
ENSMUSP00000027217,ENSMUSG00000026051,ENSMUST00000027217,0.82,0.963,PredHel=1,0.438297,"extr 24, E.R. 4, lyso 2, golg 2, E.R._mito 2",0.516,Q99LS0
ENSMUSP00000027299,ENSMUSG00000026125,ENSMUST00000027299,0.822,0.793,PredHel=0,0.000151201,"extr 25, E.R. 3, plas 2, lyso 2",0.497,O70169
ENSMUSP00000027377,ENSMUSG00000026185,ENSMUST00000027377,0.864,0.966,PredHel=0,0.406855,"extr 28, E.R. 3",0.934,Q07079
ENSMUSP00000027518,ENSMUSG00000026295,ENSMUST00000027518,0.822,0.976,PredHel=0,0.561662,"extr 23, nucl 7",0.903,Q8K1I3
ENSMUSP00000027824,ENSMUSG00000026542,ENSMUST00000027824,0.823,0.947,PredHel=0,0.24708,"extr 27, lyso 2",0.701,"P12246, Q4JFI8"
ENSMUSP00000027860,ENSMUSG00000026573,ENSMUST00000027860,0.852,0.932,PredHel=0,0.858645,extr 32,0.926,P47993
ENSMUSP00000027861,ENSMUSG00000026574,ENSMUST00000027861,0.897,0.985,PredHel=0,0.0506497,"extr 28, nucl 2, cyto 2, cyto_nucl 2",0.946,Q9QZZ6
ENSMUSP00000027988,ENSMUSG00000026676,ENSMUST00000027988,0.85,0.92,PredHel=0,0.853635,"extr 24, lyso 6",0.935,Q9D6Y1
ENSMUSP00000028020,ENSMUSG00000026697,ENSMUST00000028020,0.811,0.829,PredHel=0,0.207027,"extr 15, lyso 8, mito 4, pero 2, cyto 1.5, cy",0.475,O70624
ENSMUSP00000028179,ENSMUSG00000026835,ENSMUST00000028179,0.831,0.94,PredHel=0,0.159374,"extr 23, lyso 6",0.743,O70497
ENSMUSP00000028307,ENSMUSG00000026938,ENSMUST00000028307,0.863,0.934,PredHel=0,0.251438,"extr 22, nucl 3, lyso 3, cyto 2, mito 2, cyto",0.677,O70165
ENSMUSP00000028312,ENSMUSG00000026943,ENSMUST00000028312,0.846,0.983,PredHel=0,0.603564,"extr 22, mito 6, nucl 2.5",0.907,Q6JVL5
ENSMUSP00000028533,ENSMUSG00000027120,ENSMUST00000028533,0.886,0.955,PredHel=0,0.545533,"extr 27, cyto 4",0.816,"Q60687, A0A0F7RQR1"
ENSMUSP00000028826,ENSMUSG00000027350,ENSMUST00000028826,0.802,0.918,PredHel=0,0.257517,"extr 16, E.R. 12, lyso 3",0.506,P16014
ENSMUSP00000028836,ENSMUSG00000027358,ENSMUST00000028836,0.855,0.815,PredHel=1,0.0446055,"extr 15, plas 8, E.R. 5, cyto_pero 2, cyto 1.",0.936,P21274
ENSMUSP00000028864,ENSMUSG00000027386,ENSMUST00000028864,0.926,0.895,PredHel=0,0.728089,"extr 27, lyso 4",0.833,Q501P1
ENSMUSP00000028883,ENSMUSG00000027400,ENSMUST00000028883,0.939,0.975,PredHel=0,0.684841,extr 30,0.903,O35852
ENSMUSP00000028932,ENSMUSG00000027443,ENSMUST00000028932,0.575,0.926,PredHel=0,0.8459,extr 31,0.975,Q9DAN8
ENSMUSP00000028933,ENSMUSG00000027444,ENSMUST00000028933,0.497,0.937,PredHel=0,0.336194,extr 32,0.959,Q8VII3
ENSMUSP00000028935,ENSMUSG00000027445,ENSMUST00000028935,0.786,0.968,PredHel=0,0.210282,extr 31,0.927,Q9Z0H6
ENSMUSP00000028938,ENSMUSG00000027447,ENSMUST00000028938,0.933,0.957,PredHel=0,0.227561,extr 32,0.928,P21460
ENSMUSP00000028985,ENSMUSG00000027483,ENSMUST00000028985,0.778,0.972,PredHel=0,0.882979,"extr 22, E.R. 5, mito 4",0.911,P97361
ENSMUSP00000028987,ENSMUSG00000027485,ENSMUST00000028987,0.904,0.964,PredHel=0,0.0918389,"extr 15, E.R. 8, plas 5, lyso 3",0.708,Q61114
ENSMUSP00000029030,ENSMUSG00000027524,ENSMUST00000029030,0.815,0.91,PredHel=0,0.518973,"extr 18, nucl 6, cyto 4, mito 4, cyto_mito 4",0.895,P48299
ENSMUSP00000029172,ENSMUSG00000027643,ENSMUST00000029172,0.925,0.936,PredHel=0,0.91644,"extr 25, E.R. 5",0.85,"P16043, Q544X5"
ENSMUSP00000029275,ENSMUSG00000027720,ENSMUST00000029275,0.793,0.931,PredHel=0,0.786618,extr 30,0.91,P04351
ENSMUSP00000029367,ENSMUSG00000027792,ENSMUST00000029367,0.846,0.978,PredHel=1,0.188084,"extr 27, lyso 2",0.756,Q03311
ENSMUSP00000029421,ENSMUSG00000027832,ENSMUST00000029421,0.876,0.914,PredHel=0,0.965539,"extr 21, E.R. 6, lyso 5",0.587,P48759
ENSMUSP00000029423,ENSMUSG00000027834,ENSMUST00000029423,0.841,0.97,PredHel=0,0.467859,"extr 20, mito 3, nucl 2, cyto 2, cyto_nucl 2,",0.669,O35684
ENSMUSP00000029450,ENSMUSG00000027857,ENSMUST00000029450,0.866,0.965,PredHel=0,0.909959,extr 31,0.907,E9Q4F3
ENSMUSP00000029566,ENSMUSG00000027954,ENSMUST00000029566,0.748,0.895,PredHel=0,2.82E-08,"extr 16, mito 7.5, mito_pero 7.16667, E.R._mi",0.659,P52793
ENSMUSP00000029603,ENSMUSG00000027978,ENSMUST00000029603,0.866,0.85,PredHel=0,0.096307,"extr 20.5, extr_plas 13, plas 4.5, lyso 3",0.795,O08762
ENSMUSP00000029625,ENSMUSG00000027996,ENSMUST00000029625,0.823,0.926,PredHel=0,0.216759,extr 32,0.917,P97299
ENSMUSP00000029629,ENSMUSG00000027999,ENSMUST00000029629,0.848,0.904,PredHel=0,0.665277,"extr 25, cyto_mito 4",0.893,Q9EPR2
ENSMUSP00000029846,ENSMUSG00000028195,ENSMUST00000029846,0.865,0.876,PredHel=0,0.58231,"extr 23, mito 6",0.814,P18406
ENSMUSP00000029919,ENSMUSG00000028255,ENSMUST00000029919,0.794,0.949,PredHel=0,0.0267899,"extr 21, pero 2.5, cyto_pero 2.5, plas 2, mit",0.67,Q9D7Z6
ENSMUSP00000029975,ENSMUSG00000028298,ENSMUST00000029975,0.801,0.959,PredHel=1,0.834343,extr 32,0.903,"P01216, A0A0F7RQH1"
ENSMUSP00000030044,ENSMUSG00000039196,ENSMUST00000030044,0.896,0.976,PredHel=0,0.721068,"extr 24, E.R. 7",0.886,Q60590
ENSMUSP00000030122,ENSMUSG00000028415,ENSMUST00000030122,0.719,0.961,PredHel=0,0.10956,extr 30,0.927,O35679
ENSMUSP00000030280,ENSMUSG00000028553,ENSMUST00000030280,0.838,0.936,PredHel=0,0.764518,"extr 16, E.R. 15",0.544,Q9R182
ENSMUSP00000030531,ENSMUSG00000028751,ENSMUST00000030531,0.876,0.962,PredHel=1,0.0867376,extr 32,0.946,Q9QUL3
ENSMUSP00000030560,ENSMUSG00000028776,ENSMUST00000030560,0.813,0.927,PredHel=0,0.417839,"extr 28, cyto 2, lyso 2",0.861,Q99JR5
ENSMUSP00000030985,ENSMUSG00000029102,ENSMUST00000030985,0.827,0.874,PredHel=0,0.447928,"extr 22, golg 4.5, E.R._golg 3.5, lyso 3",0.774,Q9R098
ENSMUSP00000031226,ENSMUSG00000029288,ENSMUST00000031226,0.845,0.971,PredHel=0,0.780659,"extr 18, lyso 5, E.R. 3, mito 2, pero 2, golg",0.821,O55189
ENSMUSP00000031246,ENSMUSG00000029306,ENSMUST00000031246,0.841,0.942,PredHel=0,0.350638,"extr 26, lyso 4",0.185,Q61711
ENSMUSP00000031249,ENSMUSG00000029309,ENSMUST00000031249,0.898,0.888,PredHel=0,0.424132,"extr 16, lyso 9, pero 4",0.619,P70663
ENSMUSP00000031278,ENSMUSG00000029335,ENSMUST00000031278,0.808,0.75,PredHel=0,0.0827742,"extr 20, mito 3, pero 3, mito_pero 3, E.R. 2.",0.939,"Q8BHE5, Q149J9"
ENSMUSP00000031280,ENSMUSG00000029337,ENSMUST00000031280,0.872,0.945,PredHel=0,0.782305,"extr 28, lyso 2",0.685,P15656
ENSMUSP00000031314,ENSMUSG00000029368,ENSMUST00000031314,0.852,0.891,PredHel=0,0.87762,"extr 29, E.R. 1.5, E.R._golg 1.5",0.486,P07724
ENSMUSP00000031319,ENSMUSG00000029372,ENSMUST00000031319,0.809,0.908,PredHel=1,0.755971,extr 29,0.926,Q9EQI5
ENSMUSP00000031320,ENSMUSG00000029373,ENSMUST00000031320,0.78,0.934,PredHel=0,0.361157,extr 32,0.905,"Q9Z126, Q3TVN6"
ENSMUSP00000031327,ENSMUSG00000029380,ENSMUST00000031327,0.921,0.922,PredHel=0,0.494709,extr 31,0.904,"P12850, A2RTH0"
ENSMUSP00000031390,ENSMUSG00000029436,ENSMUST00000031390,0.61,0.606,PredHel=0,8.83E-08,"extr 14, lyso 7, extr_plas 7, E.R. 5",0.609,Q9R0S3
ENSMUSP00000031495,ENSMUSG00000029522,ENSMUST00000031495,0.879,0.856,PredHel=0,0.308504,"extr 24, mito 5",0.854,Q9Z0Y2
ENSMUSP00000031681,ENSMUSG00000029671,ENSMUST00000031681,0.811,0.983,PredHel=0,0.070278,extr 30,0.913,Q9QYS1
ENSMUSP00000031843,ENSMUSG00000029819,ENSMUST00000031843,0.775,0.967,PredHel=1,0.756166,extr 31,0.938,P57774
ENSMUSP00000031853,ENSMUSG00000029831,ENSMUST00000031853,0.469,0.78,PredHel=0,0.757176,"extr 21, mito 5.5, mito_nucl 5.5, nucl 4.5",0.908,Q9ESQ8
ENSMUSP00000032080,ENSMUSG00000030008,ENSMUST00000032080,0.884,0.914,PredHel=0,0.335577,"extr 27, lyso 2",0.836,Q9D9N8
ENSMUSP00000032128,ENSMUSG00000030049,ENSMUST00000032128,0.822,0.963,PredHel=0,0.356434,"extr 23, plas 9",0.832,Q9CQS6
ENSMUSP00000032152,ENSMUSG00000030069,ENSMUST00000032152,0.9,0.966,PredHel=0,0.148017,extr 32,0.925,Q9QXU7
ENSMUSP00000032211,ENSMUSG00000030117,ENSMUST00000032211,0.74,0.966,PredHel=0,0.33106,"extr 27, lyso 3",0.954,Q07104
ENSMUSP00000032228,ENSMUSG00000059908,ENSMUST00000032228,0.804,0.926,PredHel=0,0.507346,"extr 18, mito 7, nucl 4",0.547,P28665
ENSMUSP00000032573,ENSMUSG00000030413,ENSMUST00000032573,0.881,0.93,PredHel=0,0.883885,extr 31,0.942,O88593
ENSMUSP00000032827,ENSMUSG00000030606,ENSMUST00000032827,0.92,0.949,PredHel=0,0.666206,"extr 27, lyso 2",0.799,Q80WM5
ENSMUSP00000032835,ENSMUSG00000030607,ENSMUST00000032835,0.813,0.952,PredHel=0,0.305496,"extr 16, E.R. 11, lyso 4",0.586,Q61282
ENSMUSP00000032907,ENSMUSG00000030669,ENSMUST00000032907,0.787,0.944,PredHel=0,0.252244,extr 32,0.904,P70160
ENSMUSP00000033057,ENSMUSG00000030792,ENSMUST00000033057,0.892,0.937,PredHel=0,0.900877,"extr 23, E.R. 6",0.891,Q9QZL9
ENSMUSP00000033096,ENSMUSG00000030824,ENSMUST00000033096,0.868,0.947,PredHel=0,0.820355,"extr 18, E.R. 11",0.331,Q02819
ENSMUSP00000033185,ENSMUSG00000030895,ENSMUST00000033185,0.933,0.967,PredHel=1,0.788595,"extr 20, lyso 10, extr_plas 10",0.661,Q91X72
ENSMUSP00000033263,ENSMUSG00000030963,ENSMUST00000033263,0.928,0.958,PredHel=0,1.91E-09,"extr 20, extr_plas 12, lyso 5, pero 4",0.772,Q91X17
ENSMUSP00000033389,ENSMUSG00000031073,ENSMUST00000033389,0.894,0.867,PredHel=0,0.533445,"extr 22, mito 4.5, lyso 4, mito_pero 3.5",0.918,O35622
ENSMUSP00000033450,ENSMUSG00000031119,ENSMUST00000033450,0.848,0.845,PredHel=0,1.44E-07,"extr 23, pero 4, E.R. 2.5, E.R._golg 2.5",0.618,P51655
ENSMUSP00000033650,ENSMUSG00000031293,ENSMUST00000033650,0.765,0.936,PredHel=0,0.781539,"extr 14, mito 7, extr_plas 7, cyto 6",0.902,Q9Z1L4
ENSMUSP00000033741,ENSMUSG00000031375,ENSMUST00000033741,0.919,0.979,PredHel=0,0.463954,"extr 24, E.R. 4, pero 2, lyso 2, E.R._mito 2,",0.708,P28653
ENSMUSP00000033936,ENSMUSG00000031535,ENSMUST00000033936,0.861,0.976,PredHel=0,0.66455,"extr 28, lyso 3",0.672,Q8VEJ3
ENSMUSP00000033941,ENSMUSG00000031538,ENSMUST00000033941,0.655,0.84,PredHel=0,0.0145221,"extr 28, pero 1.5, cyto_pero 1.5",0.666,P11214
ENSMUSP00000034187,ENSMUSG00000031740,ENSMUST00000034187,0.884,0.843,PredHel=1,0.354133,"extr 19, E.R. 7.5, E.R._golg 5, pero 3",0.54,P33434
ENSMUSP00000034231,ENSMUSG00000031779,ENSMUST00000034231,0.902,0.983,PredHel=0,0.0226573,extr 32,0.936,"O88430, Q546S6"
ENSMUSP00000034232,ENSMUSG00000031780,ENSMUST00000034232,0.9,0.867,PredHel=0,0.476734,"extr 28, cyto_mito 4",0.762,F6R5P4
ENSMUSP00000034261,ENSMUSG00000079019,ENSMUST00000034261,0.753,0.535,PredHel=0,0.993897,extr 30,0.941,Q5RL10
ENSMUSP00000034584,ENSMUSG00000032079,ENSMUST00000034584,0.895,0.936,PredHel=0,0.906034,"extr 21, mito 3, E.R. 2, lyso 2, golg 2, cyto",0.744,Q8C7G5
ENSMUSP00000034585,ENSMUSG00000032080,ENSMUST00000034585,0.877,0.926,PredHel=0,0.34482,"extr 22, E.R. 7",0.53,P06728
ENSMUSP00000034699,ENSMUSG00000032181,ENSMUST00000034699,0.857,0.916,PredHel=0,0.0928266,"extr 14, mito 5, nucl 3, cyto 3, E.R. 3, cyto",0.471,P47867
ENSMUSP00000034731,ENSMUSG00000032207,ENSMUST00000034731,0.81,0.93,PredHel=0,0.694392,"extr 27, plas 2, nucl 2",0.729,P27656
ENSMUSP00000035061,ENSMUSG00000032484,ENSMUST00000035061,0.842,0.98,PredHel=0,0.0328806,extr 32,0.908,O08692
ENSMUSP00000035077,ENSMUSG00000032496,ENSMUST00000035077,0.915,0.973,PredHel=0,0.390713,"extr 25, golg 3.5, E.R._golg 3, E.R. 1.5",0.493,P08071
ENSMUSP00000035158,ENSMUSG00000032554,ENSMUST00000035158,0.914,0.954,PredHel=0,0.309101,"extr 25, pero 5",0.497,Q921I1
ENSMUSP00000035163,ENSMUSG00000033688,ENSMUST00000035163,0.946,0.971,PredHel=0,0.927293,"extr 26, lyso 3",0.533,Q9DBD0
ENSMUSP00000035211,ENSMUSG00000032591,ENSMUST00000035211,0.858,0.815,PredHel=0,0.0635987,"extr 27, pero 2",0.601,P26928
ENSMUSP00000038559,ENSMUSG00000037053,ENSMUST00000035390,0.62,0.935,PredHel=0,0.0162605,"extr 16, E.R. 7, pero 4, lyso 3, mito_pero 3",0.926,Q64726
ENSMUSP00000041483,ENSMUSG00000037202,ENSMUST00000035419,0.803,0.881,PredHel=0,0.684131,"extr 28, lyso 4",0.63,P10820
ENSMUSP00000041088,ENSMUSG00000044664,ENSMUST00000035715,0.864,0.969,PredHel=0,0.00243075,"extr 27, lyso 4",0.769,Q8VIF2
ENSMUSP00000039600,ENSMUSG00000035042,ENSMUST00000035938,0.763,0.979,PredHel=0,0.816762,extr 31,0.935,"P30882, Q5XZF2"
ENSMUSP00000040345,ENSMUSG00000027859,ENSMUST00000035952,0.871,0.973,PredHel=0,0.522916,"extr 25, lyso 4, nucl 2.5",0.884,P01139
ENSMUSP00000046810,ENSMUSG00000038543,ENSMUST00000036360,0.804,0.935,PredHel=0,2.71E-05,"extr 24, E.R. 3, plas 2, mito 2",0.897,Q8R2K8
ENSMUSP00000035271,ENSMUSG00000033491,ENSMUST00000036426,0.773,0.962,PredHel=0,0.355149,"nucl 10.5, extr 10, cyto_nucl 8.5, cyto 5.5, ",0.914,Q8C0F9
ENSMUSP00000042642,ENSMUSG00000039760,ENSMUST00000036564,0.858,0.927,PredHel=0,0.27119,extr 29,0.954,Q80XF5
ENSMUSP00000038126,ENSMUSG00000039208,ENSMUST00000036742,0.722,0.32,PredHel=0,0.5554,"plas 10, extr_plas 8, mito 6, E.R. 5, extr 4,",0.925,Q8VE43
ENSMUSP00000040310,ENSMUSG00000032968,ENSMUST00000037330,0.845,0.962,PredHel=0,0.932323,"extr 17, mito 6, plas 4, lyso 4",0.811,Q04997
ENSMUSP00000041427,ENSMUSG00000038793,ENSMUST00000037361,0.904,0.986,PredHel=0,0.964672,"extr 24, lyso 7",0.611,Q64280
ENSMUSP00000037408,ENSMUSG00000034660,ENSMUST00000037553,0.899,0.972,PredHel=0,0.626761,extr 32,0.957,Q810H5
ENSMUSP00000040877,ENSMUSG00000036446,ENSMUST00000038160,0.806,0.938,PredHel=0,0.857111,"extr 27, lyso 3",0.606,P51885
ENSMUSP00000037536,ENSMUSG00000040488,ENSMUST00000038618,0.845,0.927,PredHel=0,0.468124,"extr 23, lyso 3, mito 2.5, pero 2, cyto_mito ",0.329,Q8K4G1
ENSMUSP00000039804,ENSMUSG00000036596,ENSMUST00000038676,0.927,0.951,PredHel=0,0.00245477,"extr 14, E.R. 12.5, E.R._golg 8.5, golg 3.5",0.619,Q8R4V4
ENSMUSP00000044918,ENSMUSG00000037035,ENSMUST00000038765,0.867,0.927,PredHel=0,0.0457892,"extr 27, E.R. 4",0.897,Q04999
ENSMUSP00000048125,ENSMUSG00000059463,ENSMUST00000039075,0.89,0.951,PredHel=0,0.726836,extr 32,0.931,Q8K4N2
ENSMUSP00000049095,ENSMUSG00000035804,ENSMUST00000039652,0.812,0.967,PredHel=0,0.956854,extr 32,0.974,"P01325, Q545I7"
ENSMUSP00000041579,ENSMUSG00000036560,ENSMUST00000039775,0.873,0.958,PredHel=0,0.943854,"extr 14.5, extr_plas 10.5, plas 5.5, cyto 4, ",0.729,Q8K1S1
ENSMUSP00000041855,ENSMUSG00000015083,ENSMUST00000040042,0.827,0.883,PredHel=0,0.870782,"extr 24, mito 4.5, cyto_mito 3",0.93,Q8VCG4
ENSMUSP00000046692,ENSMUSG00000040138,ENSMUST00000040134,0.605,0.839,PredHel=0,0.861494,extr 32,0.926,P48744
ENSMUSP00000048079,ENSMUSG00000038259,ENSMUST00000040162,0.854,0.978,PredHel=0,0.45254,"extr 17, E.R. 3.5, pero 3, nucl 2.5, cyto_nuc",0.891,P43027
ENSMUSP00000048721,ENSMUSG00000037167,ENSMUST00000040437,0.792,0.962,PredHel=0,0.0220111,extr 32,0.929,A2AE20
ENSMUSP00000047730,ENSMUSG00000032719,ENSMUST00000040695,0.939,0.894,PredHel=0,0.378815,"extr 28, cyto 2",0.711,Q3UPR9
ENSMUSP00000048334,ENSMUSG00000064080,ENSMUST00000041544,0.844,0.962,PredHel=0,0.784382,"extr 27, lyso 3",0.625,P37889
ENSMUSP00000040405,ENSMUSG00000042116,ENSMUST00000042196,0.822,0.912,PredHel=0,0.636204,"extr 14, mito 8, cyto_mito 6.33333, lyso 5, c",0.845,Q8R2Z5
ENSMUSP00000040071,ENSMUSG00000040998,ENSMUST00000042729,0.81,0.966,PredHel=0,0.168242,"extr 22, E.R. 6, lyso 2",0.397,Q91V88
ENSMUSP00000040684,ENSMUSG00000040998,ENSMUST00000042744,0.817,0.941,PredHel=0,0.161307,"extr 22, E.R. 6, lyso 2",0.478,Q91V88
ENSMUSP00000045856,ENSMUSG00000028369,ENSMUST00000042850,0.839,0.908,PredHel=0,0.370651,"extr 26, lyso 5",0.468,A2AVA0
ENSMUSP00000043837,ENSMUSG00000038209,ENSMUST00000043094,0.866,0.816,PredHel=0,0.311451,"extr 28, mito 2, lyso 2",0.737,O88310
ENSMUSP00000038366,ENSMUSG00000038677,ENSMUST00000043503,0.82,0.919,PredHel=0,0.108568,"extr 27, E.R. 2.5, lyso 2, E.R._golg 2",0.515,Q66PY1
ENSMUSP00000035579,ENSMUSG00000033880,ENSMUST00000043722,0.921,0.968,PredHel=0,0.0796318,"extr 26, lyso 5",0.783,Q07797
ENSMUSP00000048962,ENSMUSG00000028600,ENSMUST00000044248,0.84,0.941,PredHel=1,0.104113,"extr 14, E.R. 7, lyso 7, extr_plas 7",0.625,Q7TQ62
ENSMUSP00000036974,ENSMUSG00000035551,ENSMUST00000044297,0.846,0.845,PredHel=0,0.698113,"extr 28, lyso 3",0.825,Q80W15
ENSMUSP00000043203,ENSMUSG00000032978,ENSMUST00000044426,0.927,0.958,PredHel=0,0.84297,extr 31,0.93,O09051
ENSMUSP00000045571,ENSMUSG00000040564,ENSMUST00000045035,0.798,0.954,PredHel=0,0.188337,extr 32,0.92,P34928
ENSMUSP00000043849,ENSMUSG00000039239,ENSMUST00000045288,0.921,0.968,PredHel=0,0.36971,extr 31,0.916,P27090
ENSMUSP00000044072,ENSMUSG00000035273,ENSMUST00000045617,0.916,0.984,PredHel=0,0.00128138,"extr 19, mito 5, lyso 3, E.R. 2, pero 2",0.6,Q6YGZ1
ENSMUSP00000035551,ENSMUSG00000037727,ENSMUST00000046001,0.844,0.895,PredHel=0,0.91711,"extr 27, lyso 2",0.827,P35455
ENSMUSP00000041519,ENSMUSG00000038580,ENSMUST00000046156,0.864,0.911,PredHel=0,0.598119,"extr 28, lyso 2",0.881,Q80ZS9
ENSMUSP00000048836,ENSMUSG00000036887,ENSMUST00000046285,0.847,0.965,PredHel=0,0.92471,"extr 18, E.R. 5, lyso 5, mito 4",0.832,P98086
ENSMUSP00000036747,ENSMUSG00000036896,ENSMUST00000046332,0.873,0.979,PredHel=0,0.0921764,"extr 27, cyto 3, cyto_pero 3",0.856,Q02105
ENSMUSP00000040246,ENSMUSG00000036905,ENSMUST00000046384,0.947,0.98,PredHel=0,0.163794,"extr 15, cyto 9, mito 5, cyto_golg 5",0.879,P14106
ENSMUSP00000045892,ENSMUSG00000055694,ENSMUST00000046516,0.834,0.989,PredHel=0,0.524245,"extr 26, pero 3",0.877,P20863
ENSMUSP00000046311,ENSMUSG00000037499,ENSMUST00000046770,0.923,0.95,PredHel=1,0.799252,"extr 26, E.R. 5",0.879,Q9CQ45
ENSMUSP00000047291,ENSMUSG00000038463,ENSMUST00000046792,0.894,0.953,PredHel=0,0.922433,"extr 27, lyso 4",0.437,Q3V1G4
ENSMUSP00000044177,ENSMUSG00000034990,ENSMUST00000047025,0.766,0.918,PredHel=0,2.09E-05,"extr 20, mito 7, cyto_mito 5.33333, lyso 3",0.629,Q8K561
ENSMUSP00000049161,ENSMUSG00000042340,ENSMUST00000047393,0.1,0.042,PredHel=0,0.90886,"nucl 16, cyto_nucl 14, cyto 10, extr 5",0.942,Q60753
ENSMUSP00000040755,ENSMUSG00000042250,ENSMUST00000047745,0.942,0.954,PredHel=0,0.925976,"extr 28, lyso 4",0.782,Q0VB07
ENSMUSP00000045118,ENSMUSG00000037529,ENSMUST00000047840,0.397,0.744,PredHel=0,7.70E-05,"extr 25, E.R._mito 2.5, cyto_pero 2.5, cyto 2",0.425,A6H6T1
ENSMUSP00000035489,ENSMUSG00000041559,ENSMUST00000048183,0.853,0.934,PredHel=0,0.948596,"extr 28, lyso 3",0.869,P50608
ENSMUSP00000036529,ENSMUSG00000041857,ENSMUST00000048214,0.916,0.97,PredHel=0,0.347778,extr 31,0.975,Q925U0
ENSMUSP00000039472,ENSMUSG00000033831,ENSMUST00000048246,0.925,0.964,PredHel=0,0.0559298,"extr 14, E.R. 13.5, E.R._golg 7.5, pero 2, ly",0.595,Q8K0E8
ENSMUSP00000048607,ENSMUSG00000038192,ENSMUST00000048430,0.906,0.957,PredHel=0,0.523146,"extr 24, lyso 5",0.766,O55233
ENSMUSP00000037018,ENSMUSG00000033860,ENSMUST00000048486,0.914,0.976,PredHel=0,0.0757383,"extr 28, lyso 4",0.623,Q8VCM7
ENSMUSP00000043369,ENSMUSG00000036117,ENSMUST00000048605,0.839,0.961,PredHel=0,0.695819,"extr 25, mito 4.5, cyto_mito 4.5",0.917,P04401
ENSMUSP00000044352,ENSMUSG00000035383,ENSMUST00000048621,0.693,0.872,PredHel=0,0.55345,"extr 18, mito 8.5, mito_pero 6, pero 2.5",0.916,P56942
ENSMUSP00000044858,ENSMUSG00000042401,ENSMUST00000048630,0.738,0.943,PredHel=0,2.82E-05,"extr 19, lyso 9, cyto_pero 2",0.674,Q8R555
ENSMUSP00000045465,ENSMUSG00000042179,ENSMUST00000048644,0.889,0.946,PredHel=0,0.352037,"extr 26, mito 2, pero 2, lyso 2, mito_pero 2",0.66,Q5BKQ4
ENSMUSP00000048555,ENSMUSG00000037852,ENSMUST00000048967,0.857,0.958,PredHel=0,0.389402,"extr 15, E.R. 9, lyso 4, golg 3",0.426,Q00493
ENSMUSP00000055757,ENSMUSG00000044254,ENSMUST00000049507,0.93,0.99,PredHel=1,0.231371,"extr 26, lyso 4",0.671,Q80W65
ENSMUSP00000060617,ENSMUSG00000070368,ENSMUST00000049852,0.876,0.983,PredHel=0,0.158169,extr 32,0.932,Q14A28
ENSMUSP00000058860,ENSMUSG00000051669,ENSMUST00000050160,0.868,0.972,PredHel=0,0.91701,"extr 22, lyso 8",0.88,Q3UST5
ENSMUSP00000052302,ENSMUSG00000049107,ENSMUST00000050484,0.739,0.699,PredHel=0,0.708285,"extr 20, mito 5, cyto_nucl 4, nucl 3.5",0.903,P20181
ENSMUSP00000061488,ENSMUSG00000048982,ENSMUST00000051079,0.77,0.917,PredHel=0,0.423726,extr 31,0.939,"Q812B2, B2RTN6"
ENSMUSP00000056916,ENSMUSG00000049350,ENSMUST00000051122,0.906,0.937,PredHel=0,0.405264,"extr 25, E.R. 3, plas 2, lyso 2",0.891,Q8K0C5
ENSMUSP00000060402,ENSMUSG00000043631,ENSMUST00000051504,0.859,0.929,PredHel=0,0.755002,"extr 21, E.R. 5, plas 2, pero 2",0.501,Q5FW85
ENSMUSP00000053932,ENSMUSG00000045337,ENSMUST00000051965,0.851,0.964,PredHel=0,0.692452,extr 30,0.947,Q8R2I7
ENSMUSP00000049729,ENSMUSG00000028979,ENSMUST00000052060,0.888,0.96,PredHel=0,0.160919,"extr 21, E.R. 5, pero 3, lyso 3",0.731,Q91WP0
ENSMUSP00000061683,ENSMUSG00000044055,ENSMUST00000053144,0.856,0.974,PredHel=0,0.981743,"extr 26, mito 4",0.963,Q8R448
ENSMUSP00000059585,ENSMUSG00000050645,ENSMUST00000053180,0.876,0.939,PredHel=0,0.039486,extr 31,0.954,Q8K3I8
ENSMUSP00000061578,ENSMUSG00000050447,ENSMUST00000053208,0.784,0.963,PredHel=0,3.54E-08,"plas 23.5, extr_plas 16, extr 7.5",0.965,Q8BPP5
ENSMUSP00000061533,ENSMUSG00000044743,ENSMUST00000054162,0.85,0.96,PredHel=0,0.567374,extr 32,0.937,Q8R2I8
ENSMUSP00000054499,ENSMUSG00000026193,ENSMUST00000055226,0.808,0.842,PredHel=0,0.0621212,"extr 15, E.R. 5.5, E.R._golg 4.5, mito 4, gol",0.461,P11276
ENSMUSP00000056720,ENSMUSG00000048806,ENSMUST00000055671,0.882,0.883,PredHel=1,0.436155,"extr 15, mito 9.5, extr_plas 9.5",0.245,P01575
ENSMUSP00000056935,ENSMUSG00000044737,ENSMUST00000056329,0.872,0.941,PredHel=0,0.581788,"extr 27, mito 2",0.888,Q8CGR5
ENSMUSP00000054085,ENSMUSG00000047390,ENSMUST00000057076,0.743,0.962,PredHel=1,0.199208,extr 31,0.947,Q8R2I6
ENSMUSP00000056377,ENSMUSG00000046008,ENSMUST00000057270,0.893,0.932,PredHel=0,0.52043,"extr 21, cyto 3, mito 3, cyto_nucl 3, lyso 3",0.702,Q6P8U6
ENSMUSP00000058761,ENSMUSG00000046618,ENSMUST00000057279,0.886,0.978,PredHel=1,0.984838,"extr 15, E.R. 12, pero 3",0.397,Q8BHP7
ENSMUSP00000051652,ENSMUSG00000046491,ENSMUST00000057679,0.886,0.966,PredHel=0,0.943809,"extr 28, plas 1, nucl 1, lyso 1, golg 1",0.68,Q9D8U4
ENSMUSP00000054637,ENSMUSG00000044701,ENSMUST00000058429,0.842,0.974,PredHel=0,0.955137,"extr 22, mito 5, lyso 2, cyto 1.5, cyto_pero ",0.498,Q8K3I6
ENSMUSP00000055599,ENSMUSG00000042961,ENSMUST00000058593,0.803,0.939,PredHel=0,0.345165,"extr 20, E.R. 5.5, lyso 4, E.R._golg 3.5",0.545,Q4VBE4
ENSMUSP00000049678,ENSMUSG00000044988,ENSMUST00000058610,0.82,0.881,PredHel=0,0.325646,"extr 24, mito 5",0.549,Q924A4
ENSMUSP00000058951,ENSMUSG00000047822,ENSMUST00000058777,0.931,0.965,PredHel=0,0.875078,"extr 25, mito 2, lyso 2, golg 2",0.672,Q8R1L8
ENSMUSP00000054210,ENSMUSG00000045731,ENSMUST00000059339,0.879,0.923,PredHel=0,0.732367,extr 32,0.903,Q64387
ENSMUSP00000056483,ENSMUSG00000050762,ENSMUST00000059482,0.86,0.916,PredHel=0,6.70E-08,"extr 23, pero 6",0.645,Q8BJR6
ENSMUSP00000053977,ENSMUSG00000047492,ENSMUST00000059718,0.939,0.977,PredHel=0,0.758727,"extr 26, lyso 3",0.88,O08717
ENSMUSP00000061519,ENSMUSG00000017754,ENSMUST00000059954,0.953,0.958,PredHel=0,0.332148,"extr 15, E.R. 8, plas 6",0.646,P55065
ENSMUSP00000062865,ENSMUSG00000015001,ENSMUST00000060522,0.84,0.966,PredHel=0,0.022591,"extr 25.5, extr_plas 14, lyso 3",0.638,Q9Z0L3
ENSMUSP00000061185,ENSMUSG00000049796,ENSMUST00000061294,0.79,0.645,PredHel=1,0.710613,"mito 14, extr 11.5, extr_plas 7, E.R._mito 7,",0.924,Q8CIT0
ENSMUSP00000056900,ENSMUSG00000048373,ENSMUST00000061299,0.861,0.92,PredHel=0,0.0240735,extr 31,0.916,O70514
ENSMUSP00000051199,ENSMUSG00000049013,ENSMUST00000061343,0.686,0.817,PredHel=0,0.000354418,"extr 21, pero 3, lyso 3, plas 2, mito 2",0.818,Q14B25
ENSMUSP00000053238,ENSMUSG00000044177,ENSMUST00000061469,0.912,0.962,PredHel=0,0.853985,"extr 20, plas 3, lyso 3, pero 2.5, cyto_pero ",0.655,Q7TQN3
ENSMUSP00000056836,ENSMUSG00000061780,ENSMUST00000061653,0.807,0.859,PredHel=0,0.132777,"extr 28, cyto 2",0.852,P03953
ENSMUSP00000056669,ENSMUSG00000051439,ENSMUST00000061829,0.699,0.855,PredHel=0,2.45E-08,"extr 27, lyso 5",0.729,P10810
ENSMUSP00000058025,ENSMUSG00000042453,ENSMUST00000062372,0.914,0.82,PredHel=1,0.366305,"extr 21, extr_plas 14, plas 5, golg 2.5, lyso",0.544,Q60841
ENSMUSP00000055404,ENSMUSG00000050440,ENSMUST00000062620,0.82,0.937,PredHel=0,0.0679411,"extr 27, lyso 5",0.871,Q9EQ21
ENSMUSP00000061704,ENSMUSG00000034164,ENSMUST00000062821,0.922,0.836,PredHel=0,0.243473,"extr 17, mito 7.5, cyto_mito 5, nucl 2, pero ",0.425,Q91VF5
ENSMUSP00000056668,ENSMUSG00000020053,ENSMUST00000062862,0.841,0.915,PredHel=0,0.889032,extr 30,0.914,Q8CAR0
ENSMUSP00000053923,ENSMUSG00000040809,ENSMUST00000063062,0.832,0.962,PredHel=0,0.307271,"extr 23, pero 3, plas 2, E.R. 2, lyso 2",0.686,O35744
ENSMUSP00000060836,ENSMUSG00000050756,ENSMUST00000063112,0.832,0.947,PredHel=1,0.370032,extr 29,0.903,Q91VD6
ENSMUSP00000069833,ENSMUSG00000051936,ENSMUST00000063523,0.807,0.903,PredHel=0,0.698345,"extr 24, cyto 4.5, cyto_mito 3.5",0.803,Q8BW11
ENSMUSP00000070494,ENSMUSG00000040380,ENSMUST00000063871,0.819,0.948,PredHel=0,0.0860313,"extr 22, cyto 3, lyso 3, nucl 2, mito 2, mito",0.616,Q9JHG0
ENSMUSP00000068402,ENSMUSG00000001076,ENSMUST00000064462,0.803,0.83,PredHel=0,0.736712,"extr 28, E.R. 2, lyso 2",0.724,Q4ZJM9
ENSMUSP00000067057,ENSMUSG00000024256,ENSMUST00000064775,0.572,0.754,PredHel=0,0.263117,"extr 21, mito 6, pero 4",0.94,"O70176, Q3UYH8"
ENSMUSP00000069318,ENSMUSG00000023176,ENSMUST00000064856,0.925,0.977,PredHel=0,0.0563319,"extr 21, lyso 7, cyto 2, mito 2, cyto_mito 2",0.778,Q9DBB9
ENSMUSP00000067022,ENSMUSG00000033453,ENSMUST00000065112,0.84,0.851,PredHel=0,0.786504,"extr 24, E.R. 3, cyto 2.5, cyto_pero 2.5",0.355,P59384
ENSMUSP00000067553,ENSMUSG00000053790,ENSMUST00000066416,0.864,0.945,PredHel=0,0.291048,extr 32,0.901,Q7TNV7
ENSMUSP00000066536,ENSMUSG00000053846,ENSMUST00000066532,0.569,0.627,PredHel=0,0.508219,"mito 18.5, mito_pero 10, nucl 9, cyto_nucl 7",0.915,Q9WVG5
ENSMUSP00000068053,ENSMUSG00000029307,ENSMUST00000066708,0.912,0.939,PredHel=0,0.0489218,"extr 24, lyso 6",0.151,O55188
ENSMUSP00000067539,ENSMUSG00000052276,ENSMUST00000066852,0.86,0.932,PredHel=0,0.31576,"extr 25, nucl 4",0.91,P61364
ENSMUSP00000070018,ENSMUSG00000054196,ENSMUST00000067072,0.92,0.963,PredHel=1,0.493376,"extr 27, lyso 5",0.867,Q9D1D6
ENSMUSP00000070130,ENSMUSG00000038624,ENSMUST00000067085,0.857,0.967,PredHel=0,0.0803791,"extr 15, nucl 5.5, cyto_nucl 4, mito 3, pero ",0.347,Q9CQ76
ENSMUSP00000070368,ENSMUSG00000074264,ENSMUST00000067980,0.906,0.92,PredHel=0,0.47469,"extr 18, lyso 7, pero 4, cyto_pero 3.5",0.703,P00687
ENSMUSP00000064808,ENSMUSG00000054863,ENSMUST00000068088,0.535,0.989,PredHel=1,0.824447,extr 32,0.961,Q91WE9
ENSMUSP00000063800,ENSMUSG00000055170,ENSMUST00000068592,0.851,0.963,PredHel=0,0.388919,extr 32,0.945,P01580
ENSMUSP00000065393,ENSMUSG00000057163,ENSMUST00000070380,0.892,0.936,PredHel=0,0.0696268,"extr 28, plas 2, lyso 2",0.872,P07146
ENSMUSP00000070840,ENSMUSG00000056423,ENSMUST00000070531,0.748,0.856,PredHel=0,0.182197,"extr 27, mito 4",0.907,"Q765I1, Q3V249"
ENSMUSP00000065102,ENSMUSG00000056544,ENSMUST00000070722,0.862,0.933,PredHel=0,0.780867,"extr 28, lyso 2",0.81,Q8C5Z4
ENSMUSP00000071627,ENSMUSG00000059049,ENSMUST00000071708,0.895,0.939,PredHel=0,0.308801,"extr 17, cyto_nucl 4.83333, nucl 4, cyto 3.5,",0.441,Q684R7
ENSMUSP00000071662,ENSMUSG00000032332,ENSMUST00000071750,0.814,0.87,PredHel=0,0.618721,"extr 17, E.R. 6.5, E.R._golg 5, pero 4, golg ",0.349,Q60847
ENSMUSP00000072352,ENSMUSG00000061388,ENSMUST00000072539,0.795,0.839,PredHel=0,0.186899,extr 31,0.945,P02664
ENSMUSP00000072682,ENSMUSG00000063765,ENSMUST00000072910,0.867,0.947,PredHel=1,0.823279,"extr 19, pero 4, lyso 4, golg 3",0.507,E9Q7T7
ENSMUSP00000073081,ENSMUSG00000029282,ENSMUST00000073363,0.876,0.942,PredHel=0,0.795118,"extr 27, mito 4",0.82,Q9D3J8
ENSMUSP00000073286,ENSMUSG00000062201,ENSMUST00000073601,0.802,0.975,PredHel=0,0.0580464,"extr 24, mito 4, lyso 3",0.937,Q8CGZ7
ENSMUSP00000073720,ENSMUSG00000021835,ENSMUST00000074077,0.79,0.966,PredHel=0,0.0582286,"extr 19, E.R. 7, golg 4",0.937,P21275
ENSMUSP00000073950,ENSMUSG00000060070,ENSMUST00000074343,0.927,0.958,PredHel=0,0.580019,extr 32,0.939,Q3L180
ENSMUSP00000074201,ENSMUSG00000035131,ENSMUST00000074622,0.833,0.932,PredHel=1,0.982251,"extr 16, plas 7, lyso 4, E.R._golg 2.5, E.R. ",0.524,Q499E0
ENSMUSP00000074404,ENSMUSG00000061082,ENSMUST00000074861,0.692,0.902,PredHel=0,0.671896,extr 31,0.907,Q9JI83
ENSMUSP00000074436,ENSMUSG00000031722,ENSMUST00000074898,0.872,0.962,PredHel=0,0.00803645,"extr 24, pero 4, E.R. 2, cyto_pero 2",0.666,Q61646
ENSMUSP00000074589,ENSMUSG00000059187,ENSMUST00000075080,0.826,0.96,PredHel=1,0.375879,"extr 27, cyto 3",0.299,Q7TPG8
ENSMUSP00000074885,ENSMUSG00000058427,ENSMUST00000075433,0.908,0.965,PredHel=0,0.108304,extr 32,0.91,"P10889, Q3U1J5"
ENSMUSP00000074965,ENSMUSG00000074489,ENSMUST00000075523,0.896,0.958,PredHel=0,0.441586,extr 32,0.949,P54615
ENSMUSP00000075365,ENSMUSG00000057465,ENSMUST00000075982,0.884,0.97,PredHel=1,0.391181,extr 29,0.905,P05367
ENSMUSP00000075425,ENSMUSG00000074483,ENSMUST00000076048,0.858,0.957,PredHel=0,0.535686,extr 31,0.95,P86546
ENSMUSP00000075459,ENSMUSG00000060034,ENSMUST00000076091,0.854,0.968,PredHel=0,0.778187,"extr 28, plas 1, E.R. 1, pero 1, lyso 1",0.925,P83714
ENSMUSP00000075472,ENSMUSG00000059648,ENSMUST00000076106,0.866,0.925,PredHel=0,7.85E-07,extr 30,0.928,Q5GAM9
ENSMUSP00000075756,ENSMUSG00000022847,ENSMUST00000076422,0.859,0.905,PredHel=0,0.763247,"extr 22, plas 4, cyto 2, lyso 2, cysk_plas 2",0.833,P40226
ENSMUSP00000076120,ENSMUSG00000031750,ENSMUST00000076846,0.879,0.984,PredHel=0,0.988519,"extr 21, plas 7, lyso 3",0.46,Q8R1R4
ENSMUSP00000076851,ENSMUSG00000062061,ENSMUST00000077667,0.896,0.971,PredHel=0,0.242512,extr 30,0.951,Q8K1H9
ENSMUSP00000077074,ENSMUSG00000058952,ENSMUST00000077918,0.816,0.939,PredHel=0,0.264348,"extr 20, mito 6, pero 3, cyto_mito 3, mito_nu",0.674,Q61129
ENSMUSP00000077909,ENSMUSG00000071177,ENSMUST00000078869,0.908,0.973,PredHel=0,0.21972,"extr 15, plas 9, E.R. 5",0.79,Q00897
ENSMUSP00000077918,ENSMUSG00000058568,ENSMUST00000078879,0.796,0.919,PredHel=0,0.0580521,"extr 22, mito 7",0.928,Q6TU36
ENSMUSP00000078134,ENSMUSG00000062778,ENSMUST00000079132,0.895,0.949,PredHel=0,0.254147,"extr 17, pero 5, lyso 5, mito 4",0.738,Q91XA9
ENSMUSP00000078221,ENSMUSG00000062551,ENSMUST00000079228,0.864,0.98,PredHel=1,0.0719813,"extr 28, lyso 3",0.368,Q5SVM1
ENSMUSP00000078485,ENSMUSG00000060208,ENSMUST00000079528,0.918,0.959,PredHel=0,0.143174,extr 32,0.909,P28310
ENSMUSP00000078623,ENSMUSG00000057778,ENSMUST00000079681,0.342,0.976,PredHel=1,0.149407,extr 31,0.92,Q5SSH8
ENSMUSP00000078705,ENSMUSG00000063727,ENSMUST00000079772,0.827,0.97,PredHel=0,0.587276,"extr 26, lyso 3",0.752,O08712
ENSMUSP00000078709,ENSMUSG00000015001,ENSMUST00000079776,0.84,0.966,PredHel=0,0.0240832,"extr 26.5, extr_plas 14.5, lyso 3",0.63,Q80ZM2
ENSMUSP00000078847,ENSMUSG00000059654,ENSMUST00000079926,0.804,0.931,PredHel=0,0.365156,extr 32,0.967,P43137
ENSMUSP00000079400,ENSMUSG00000034684,ENSMUST00000080560,0.84,0.911,PredHel=0,0.541517,"extr 18, lyso 5, E.R. 4, pero 3",0.441,O88632
ENSMUSP00000079579,ENSMUSG00000062737,ENSMUST00000080755,0.833,0.979,PredHel=0,0.0651029,"extr 23, mito 4, lyso 4",0.915,Q5SZY7
ENSMUSP00000080059,ENSMUSG00000017652,ENSMUST00000081310,0.826,0.952,PredHel=0,0.299385,"extr 25, mito 6.5, E.R._mito 4",0.737,P27512
ENSMUSP00000080469,ENSMUSG00000030131,ENSMUST00000081777,0.901,0.918,PredHel=0,0.355873,"extr 16, mito 8, extr_plas 8",0.535,P28666
ENSMUSP00000080501,ENSMUSG00000027485,ENSMUST00000081816,0.904,0.964,PredHel=0,0.0918389,"extr 15, E.R. 8, plas 5, lyso 3",0.708,Q61114
ENSMUSP00000080550,ENSMUSG00000055409,ENSMUST00000081872,0.808,0.972,PredHel=0,0.279117,"extr 26, lyso 3",0.636,Q2VWQ2
ENSMUSP00000080731,ENSMUSG00000057170,ENSMUST00000082079,0.816,0.971,PredHel=0,0.0520511,extr 30,0.905,Q5SY42
ENSMUSP00000080851,ENSMUSG00000063779,ENSMUST00000082219,0.832,0.953,PredHel=0,0.383146,"extr 21, E.R. 4, pero 3, plas 2, lyso 2, E.R.",0.64,Q91Z98
ENSMUSP00000081004,ENSMUSG00000064373,ENSMUST00000082424,0.856,0.939,PredHel=0,NA,"extr 27, lyso 5",0.581,P70274
ENSMUSP00000081011,ENSMUSG00000018339,ENSMUST00000082430,0.853,0.879,PredHel=0,0.2509,"extr 24, pero 3, E.R. 2, mito_pero 2, cyto_pe",0.874,P46412
ENSMUSP00000081044,ENSMUSG00000037406,ENSMUST00000084031,0.884,0.869,PredHel=1,0.0346828,"extr 14, lyso 7, extr_plas 7, mito 6",0.681,A2RT60
ENSMUSP00000081545,ENSMUSG00000028370,ENSMUST00000084501,0.881,0.845,PredHel=0,0.473996,"extr 25, E.R. 3, pero 2, E.R._mito 2",0.376,Q8R4K8
ENSMUSP00000082438,ENSMUSG00000023467,ENSMUST00000085331,0.103,0.07,PredHel=0,0.99867,"nucl 22, cyto 7",0.931,P46686
ENSMUSP00000082548,ENSMUSG00000035692,ENSMUST00000085425,0.162,0.221,PredHel=0,0.768981,"cyto 22, cyto_nucl 13, mito 6",0.907,Q64339
ENSMUSP00000082588,ENSMUSG00000064023,ENSMUST00000085461,0.918,0.97,PredHel=0,0.110038,"extr 26, cyto 3",0.602,Q61955
ENSMUSP00000082952,ENSMUSG00000066652,ENSMUST00000085797,0.883,0.986,PredHel=0,0.732207,"extr 21, nucl 4, lyso 4",0.544,P57785
ENSMUSP00000083097,ENSMUSG00000023328,ENSMUST00000085934,0.88,0.987,PredHel=0,0.502094,"extr 17, lyso 8, golg 3, mito 2, cyto_golg 2",0.639,P21836
ENSMUSP00000083620,ENSMUSG00000026042,ENSMUST00000086430,0.85,0.953,PredHel=0,0.841877,"extr 17, E.R. 7, lyso 5",0.087,Q3U962
ENSMUSP00000083666,ENSMUSG00000026450,ENSMUST00000086475,0.85,0.927,PredHel=0,0.981847,"extr 19, mito 8, lyso 3",0.675,Q9D7Q1
ENSMUSP00000084073,ENSMUSG00000047443,ENSMUST00000086861,0.634,0.832,PredHel=0,0.0469634,"extr 20, lyso 5, golg 4",0.772,Q6PGN1
ENSMUSP00000084772,ENSMUSG00000024330,ENSMUST00000087497,0.837,0.931,PredHel=1,0.0954775,"extr 16, E.R. 7, lyso 6",0.058,Q64739
ENSMUSP00000084910,ENSMUSG00000029096,ENSMUST00000087629,0.914,0.93,PredHel=0,0.0785598,"extr 21, lyso 3, E.R._golg 3, E.R. 2.5, golg ",0.852,Q9D236
ENSMUSP00000085192,ENSMUSG00000026043,ENSMUST00000087883,0.879,0.967,PredHel=0,0.932394,"extr 22, lyso 6, mito 2",0.223,P08121
ENSMUSP00000085346,ENSMUSG00000067604,ENSMUST00000088029,0.615,0.883,PredHel=0,0.799757,extr 32,0.943,Q5H8A1
ENSMUSP00000085594,ENSMUSG00000067704,ENSMUST00000088260,0.797,0.937,PredHel=0,0.830499,extr 32,0.951,Q5DQQ6
ENSMUSP00000085693,ENSMUSG00000022483,ENSMUST00000088355,0.829,0.9,PredHel=0,0.915259,"extr 14, lyso 6, pero 4, mito 3, golg 3",0.221,P28481
ENSMUSP00000085915,ENSMUSG00000047295,ENSMUST00000088555,0.839,0.827,PredHel=0,0.944825,"extr 21, E.R. 7, lyso 2",0.309,Q6JHY2
ENSMUSP00000086347,ENSMUSG00000068009,ENSMUST00000088955,0.825,0.838,PredHel=0,0.870999,"extr 20, E.R. 5, lyso 5",0.756,Q8BU51
ENSMUSP00000086443,ENSMUSG00000022971,ENSMUST00000089042,0.83,0.954,PredHel=0,0.95198,"extr 27, E.R. 2, lyso 2",0.838,O35664
ENSMUSP00000086616,ENSMUSG00000064293,ENSMUST00000089208,0.765,0.953,PredHel=0,1.93E-07,"extr 20, nucl 4.5, E.R. 3, cyto_nucl 3, plas ",0.479,Q69Z26
ENSMUSP00000087231,ENSMUSG00000068407,ENSMUST00000089798,0.849,0.983,PredHel=0,0.699004,extr 30,0.937,Q5GAM8
ENSMUSP00000087327,ENSMUSG00000022887,ENSMUST00000089883,0.861,0.955,PredHel=0,0.198273,"extr 27, E.R. 2.5, E.R._golg 2",0.74,P98064
ENSMUSP00000102749,ENSMUSG00000038543,ENSMUST00000090476,0.804,0.935,PredHel=0,4.52E-05,"extr 24, E.R. 3, plas 2, mito 2",0.9,Q8R2K8
ENSMUSP00000088324,ENSMUSG00000068860,ENSMUST00000090815,0.9,0.96,PredHel=0,0.810529,"extr 28, lyso 3",0.508,Q569E4
ENSMUSP00000088491,ENSMUSG00000004892,ENSMUST00000090971,0.858,0.975,PredHel=0,0.0188094,"extr 25, extr_plas 14, E.R. 3, lyso 3",0.488,Q61361
ENSMUSP00000089267,ENSMUSG00000069258,ENSMUST00000091678,0.563,0.709,PredHel=0,0.0283161,"extr 20, mito 9.5, mito_pero 6",0.775,Q5SXK2
ENSMUSP00000089800,ENSMUSG00000069515,ENSMUST00000092162,0.844,0.903,PredHel=0,0.127773,"extr 28, lyso 2",0.925,P17897
ENSMUSP00000089801,ENSMUSG00000069516,ENSMUST00000092163,0.836,0.909,PredHel=0,0.142927,extr 30,0.931,P08905
ENSMUSP00000090304,ENSMUSG00000019899,ENSMUST00000092639,0.857,0.907,PredHel=0,0.846764,"extr 17, E.R. 5, plas 3, E.R._golg 3, lyso 2,",0.394,Q60675
ENSMUSP00000091505,ENSMUSG00000040998,ENSMUST00000093971,0.81,0.961,PredHel=0,0.169734,"extr 21, E.R. 6, lyso 3, E.R._mito 3, E.R._go",0.376,Q91V88
ENSMUSP00000091541,ENSMUSG00000000686,ENSMUST00000094004,0.819,0.933,PredHel=1,0.496171,"extr 22, extr_plas 14, plas 4, lyso 3",0.295,Q5F2F2
ENSMUSP00000091685,ENSMUSG00000070427,ENSMUST00000094134,0.883,0.945,PredHel=0,0.998215,extr 31,0.96,Q9Z0M9
ENSMUSP00000091713,ENSMUSG00000049580,ENSMUST00000094161,0.91,0.861,PredHel=0,0.939219,"extr 24, lyso 7",0.837,Q8CBR6
ENSMUSP00000091895,ENSMUSG00000070524,ENSMUST00000094337,0.867,0.916,PredHel=0,0.988011,"extr 16, lyso 8, extr_plas 8",0.868,Q5DRQ8
ENSMUSP00000091906,ENSMUSG00000070531,ENSMUST00000094346,0.802,0.976,PredHel=1,0.218116,"extr 25, mito 2, E.R. 2, lyso 2, E.R._mito 2",0.821,F6ULY1
ENSMUSP00000093005,ENSMUSG00000020053,ENSMUST00000095360,0.398,0.891,PredHel=0,0.326503,extr 30,0.951,P05017
ENSMUSP00000093076,ENSMUSG00000055862,ENSMUST00000095426,0.82,0.938,PredHel=0,0.975442,"extr 28, cyto 2",0.692,D3Z690
ENSMUSP00000094238,ENSMUSG00000042961,ENSMUST00000096494,0.803,0.939,PredHel=0,0.340511,"extr 20, E.R. 5.5, lyso 4, E.R._golg 3.5",0.54,Q4VBE4
ENSMUSP00000094667,ENSMUSG00000071356,ENSMUST00000096904,0.877,0.961,PredHel=0,0.175156,extr 30,0.913,P35230
ENSMUSP00000095165,ENSMUSG00000073551,ENSMUST00000097557,0.907,0.908,PredHel=1,0.358753,"extr 16, mito 14, cyto_mito 10",0.869,Q3UTS8
ENSMUSP00000095426,ENSMUSG00000089923,ENSMUST00000097817,0.868,0.934,PredHel=0,0.909688,extr 32,0.918,Q30KP6
ENSMUSP00000095549,ENSMUSG00000048583,ENSMUST00000097936,0.874,0.985,PredHel=1,0.595698,"extr 21, plas 6, lyso 4",0.892,P09535
ENSMUSP00000095726,ENSMUSG00000073877,ENSMUST00000098122,0.71,0.908,PredHel=0,0.80292,"extr 26, nucl 3, cyto 1.5, cyto_pero 1.5, mit",0.957,Q9Z1X0
ENSMUSP00000096159,ENSMUSG00000074199,ENSMUST00000098559,0.883,0.977,PredHel=0,0.156004,extr 29,0.956,Q3V2T4
ENSMUSP00000096264,ENSMUSG00000096569,ENSMUST00000098667,0.896,0.917,PredHel=0,0.652647,"extr 27, lyso 3",0.729,P00688
ENSMUSP00000096270,ENSMUSG00000074268,ENSMUST00000098673,0.896,0.917,PredHel=0,0.652647,"extr 27, lyso 3",0.729,P00688
ENSMUSP00000096492,ENSMUSG00000074440,ENSMUST00000098893,0.918,0.959,PredHel=0,0.143174,extr 32,0.909,P28310
ENSMUSP00000096555,ENSMUSG00000074486,ENSMUST00000098956,0.885,0.953,PredHel=0,0.384345,extr 32,0.946,P86547
ENSMUSP00000097250,ENSMUSG00000062551,ENSMUST00000099658,0.389,0.41,PredHel=1,0.968319,"extr 20, cyto 6, mito 3, cyto_pero 3, cyto_pl",0.938,Q5SVL8
ENSMUSP00000097820,ENSMUSG00000022468,ENSMUST00000100249,0.852,0.905,PredHel=0,0.809187,"extr 26, lyso 6",0.721,Q3V188
ENSMUSP00000097866,ENSMUSG00000047295,ENSMUST00000100293,0.839,0.827,PredHel=0,0.946011,"extr 22, E.R. 6, lyso 2",0.281,Q6JHY2
ENSMUSP00000097987,ENSMUSG00000034205,ENSMUST00000100420,0.879,0.975,PredHel=0,0.821023,"extr 20.5, extr_plas 11, E.R. 8",0.64,P58022
ENSMUSP00000098149,ENSMUSG00000072511,ENSMUST00000100584,0.832,0.948,PredHel=0,0.535002,"extr 19, extr_plas 13, plas 5, E.R. 4",0.619,Q3TYV2
ENSMUSP00000098184,ENSMUSG00000072553,ENSMUST00000100619,0.874,0.94,PredHel=0,0.194753,extr 32,0.968,Q3V3I5
ENSMUSP00000098242,ENSMUSG00000021835,ENSMUST00000100676,0.79,0.966,PredHel=0,0.0582286,"extr 19, E.R. 7, golg 4",0.937,P21275
ENSMUSP00000099636,ENSMUSG00000040533,ENSMUST00000102576,0.906,0.979,PredHel=1,0.0446325,"extr 23, lyso 7",0.627,P51942
ENSMUSP00000099660,ENSMUSG00000001334,ENSMUST00000102600,0.892,0.92,PredHel=1,0.640798,"extr 24, pero 4, E.R. 2, mito_pero 2",0.136,Q8K4Z2
ENSMUSP00000099794,ENSMUSG00000000394,ENSMUST00000102733,0.742,0.939,PredHel=0,0.355748,extr 31,0.943,P55095
ENSMUSP00000099871,ENSMUSG00000095270,ENSMUST00000102807,0.839,0.918,PredHel=0,0.547774,"extr 24, mito 5",0.75,P09235
ENSMUSP00000099943,ENSMUSG00000026833,ENSMUST00000102879,0.47,0.786,PredHel=0,0.269164,"extr 24, mito 5",0.954,O88998
ENSMUSP00000100019,ENSMUSG00000069258,ENSMUST00000102954,0.563,0.709,PredHel=0,0.0276266,"extr 21, mito 9.5, mito_pero 5.5",0.764,"Q9DAZ2, B9EHM9"
ENSMUSP00000099360,ENSMUSG00000020713,ENSMUST00000103071,0.866,0.949,PredHel=0,0.413019,extr 29,0.92,P06880
ENSMUSP00000099385,ENSMUSG00000076434,ENSMUST00000103096,0.809,0.931,PredHel=0,0.919219,extr 29,0.91,Q14AE4
ENSMUSP00000099511,ENSMUSG00000053184,ENSMUST00000103222,0.747,0.751,PredHel=0,0.635563,"extr 24, lyso 4, mito 2",0.937,Q9D9X8
ENSMUSP00000099512,ENSMUSG00000053184,ENSMUST00000103223,0.747,0.751,PredHel=0,0.635563,"extr 24, lyso 4, mito 2",0.937,Q9D9X8
ENSMUSP00000099520,ENSMUSG00000041616,ENSMUST00000103230,0.868,0.949,PredHel=1,0.59508,"extr 26, lyso 3",0.634,P05125
ENSMUSP00000099521,ENSMUSG00000029019,ENSMUST00000103231,0.801,0.947,PredHel=0,0.824754,extr 30,0.949,P40753
ENSMUSP00000100923,ENSMUSG00000019932,ENSMUST00000105286,0.896,0.964,PredHel=0,0.00203899,"extr 22, pero 4, E.R. 3, lyso 3",0.726,O35367
ENSMUSP00000100924,ENSMUSG00000019929,ENSMUST00000105287,0.825,0.955,PredHel=0,0.737573,"extr 23, mito 3, cyto_pero 2.5, cyto 2, E.R._",0.595,P28654
ENSMUSP00000101150,ENSMUSG00000039462,ENSMUST00000105511,0.899,0.959,PredHel=0,0.950975,"extr 21, lyso 4, golg 3, E.R. 2, cyto_pero 2",0.374,Q05306
ENSMUSP00000101430,ENSMUSG00000028751,ENSMUST00000105804,0.876,0.962,PredHel=1,0.0867376,extr 32,0.946,Q9QUL3
ENSMUSP00000101552,ENSMUSG00000000215,ENSMUST00000105932,0.892,0.972,PredHel=0,0.956228,extr 32,0.974,"P01326, Q5EEX1"
ENSMUSP00000101553,ENSMUSG00000000215,ENSMUST00000105933,0.892,0.972,PredHel=0,0.956228,extr 32,0.974,"P01326, Q5EEX1"
ENSMUSP00000101554,ENSMUSG00000000215,ENSMUST00000105934,0.892,0.972,PredHel=0,0.956228,extr 32,0.974,"P01326, Q5EEX1"
ENSMUSP00000101555,ENSMUSG00000048583,ENSMUST00000105935,0.874,0.985,PredHel=1,0.595698,"extr 21, plas 6, lyso 4",0.892,P09535
ENSMUSP00000101556,ENSMUSG00000048583,ENSMUST00000105936,0.874,0.985,PredHel=1,0.595698,"extr 21, plas 6, lyso 4",0.892,P09535
ENSMUSP00000101620,ENSMUSG00000028776,ENSMUST00000105998,0.813,0.927,PredHel=0,0.417839,"extr 28, cyto 2, lyso 2",0.861,Q99JR5
ENSMUSP00000101621,ENSMUSG00000028776,ENSMUST00000105999,0.813,0.927,PredHel=0,0.417839,"extr 28, cyto 2, lyso 2",0.861,Q99JR5
ENSMUSP00000101695,ENSMUSG00000039208,ENSMUST00000106089,0.123,0.05,PredHel=0,0.650169,"cyto_nucl 11.3333, cyto 10, cyto_pero 7.66667",0.921,Q8VE43
ENSMUSP00000101801,ENSMUSG00000044034,ENSMUST00000106195,0.912,0.776,PredHel=0,0.985373,extr 32,0.947,Q8K4P1
ENSMUSP00000102150,ENSMUSG00000074264,ENSMUST00000106540,0.906,0.92,PredHel=0,0.47469,"extr 18, lyso 7, pero 4, cyto_pero 3.5",0.703,P00687
ENSMUSP00000102319,ENSMUSG00000028600,ENSMUST00000106708,0.84,0.941,PredHel=1,0.104113,"extr 14, E.R. 7, lyso 7, extr_plas 7",0.625,Q7TQ62
ENSMUSP00000102320,ENSMUSG00000028600,ENSMUST00000106709,0.84,0.941,PredHel=1,0.104113,"extr 14, E.R. 7, lyso 7, extr_plas 7",0.625,Q7TQ62
ENSMUSP00000102548,ENSMUSG00000070424,ENSMUST00000106935,0.653,0.97,PredHel=0,0.93763,"extr 17, nucl 5, mito 5, mito_nucl 5",0.901,P70352
ENSMUSP00000102716,ENSMUSG00000015943,ENSMUST00000107099,0.165,0.032,PredHel=0,0.884816,"mito 21, extr 6, cyto_nucl 2.33333, cyto 2, c",0.904,Q9D8S9
ENSMUSP00000102849,ENSMUSG00000059049,ENSMUST00000107230,0.895,0.939,PredHel=0,0.307838,"extr 17, cyto_nucl 4.83333, nucl 4, cyto 3.5,",0.437,Q684R7
ENSMUSP00000103166,ENSMUSG00000074489,ENSMUST00000107542,0.896,0.958,PredHel=0,0.441586,extr 32,0.949,P54615
ENSMUSP00000103167,ENSMUSG00000074489,ENSMUST00000107543,0.896,0.958,PredHel=0,0.441586,extr 32,0.949,P54615
ENSMUSP00000103388,ENSMUSG00000023467,ENSMUST00000107759,0.102,0.03,PredHel=0,0.998479,"nucl 23.5, cyto_nucl 16, cyto 7.5",0.926,P46686
ENSMUSP00000103390,ENSMUSG00000023467,ENSMUST00000107761,0.102,0.03,PredHel=0,0.998614,"nucl 24, cyto 7",0.903,P46686
ENSMUSP00000103608,ENSMUSG00000013367,ENSMUST00000107974,0.614,0.87,PredHel=0,2.59E-05,"extr 25, lyso 4",0.71,Q8HW98
ENSMUSP00000103653,ENSMUSG00000073877,ENSMUST00000108018,0.181,0.039,PredHel=0,0.932145,"mito 18.5, cyto_mito 12, extr 5, cyto_nucl 4.",0.942,Q9Z1X0
ENSMUSP00000103765,ENSMUSG00000028298,ENSMUST00000108130,0.801,0.959,PredHel=1,0.834343,extr 32,0.903,"P01216, A0A0F7RQH1"
ENSMUSP00000104091,ENSMUSG00000040564,ENSMUST00000108451,0.798,0.954,PredHel=0,0.188337,extr 32,0.92,P34928
ENSMUSP00000104166,ENSMUSG00000078800,ENSMUST00000108526,0.571,0.924,PredHel=0,0.485669,"extr 17, mito 5, cyto 4, lyso 3",0.921,Q0Q236
ENSMUSP00000104939,ENSMUSG00000017754,ENSMUST00000109316,0.953,0.958,PredHel=0,0.332148,"extr 15, E.R. 8, plas 6",0.646,P55065
ENSMUSP00000105058,ENSMUSG00000006369,ENSMUST00000109432,0.775,0.957,PredHel=0,0.025502,"extr 22.5, extr_plas 12, lyso 5",0.664,Q08879
ENSMUSP00000105162,ENSMUSG00000027643,ENSMUST00000109536,0.925,0.936,PredHel=0,0.91644,"extr 25, E.R. 5",0.85,"P16043, Q544X5"
ENSMUSP00000105272,ENSMUSG00000048834,ENSMUST00000109645,0.641,0.92,PredHel=0,2.53E-05,"extr 16, E.R. 5.5, pero 5, plas 4, E.R._mito ",0.84,Q8R0A6
ENSMUSP00000105368,ENSMUSG00000027482,ENSMUST00000109746,0.877,0.966,PredHel=0,0.0817449,"extr 18, E.R. 7, plas 4, E.R._golg 4",0.85,Q9D9J8
ENSMUSP00000105615,ENSMUSG00000020432,ENSMUST00000109988,0.877,0.966,PredHel=0,0.521285,"extr 18, plas 4, E.R. 3, lyso 3, pero 2.5, cy",0.661,O88968
ENSMUSP00000105616,ENSMUSG00000020432,ENSMUST00000109989,0.877,0.966,PredHel=0,0.521285,"extr 18, plas 4, E.R. 3, lyso 3, pero 2.5, cy",0.661,O88968
ENSMUSP00000105617,ENSMUSG00000020432,ENSMUST00000109990,0.877,0.966,PredHel=0,0.521285,"extr 18, plas 4, E.R. 3, lyso 3, pero 2.5, cy",0.661,O88968
ENSMUSP00000105618,ENSMUSG00000020432,ENSMUST00000109991,0.877,0.966,PredHel=0,0.521285,"extr 18, plas 4, E.R. 3, lyso 3, pero 2.5, cy",0.661,O88968
ENSMUSP00000105619,ENSMUSG00000020432,ENSMUST00000109992,0.877,0.966,PredHel=0,0.521285,"extr 18, plas 4, E.R. 3, lyso 3, pero 2.5, cy",0.661,O88968
ENSMUSP00000105620,ENSMUSG00000020432,ENSMUST00000109993,0.877,0.966,PredHel=0,0.521285,"extr 18, plas 4, E.R. 3, lyso 3, pero 2.5, cy",0.661,O88968
ENSMUSP00000105730,ENSMUSG00000038508,ENSMUST00000110103,0.892,0.937,PredHel=0,0.993746,extr 31,0.901,Q9Z0J7
ENSMUSP00000105868,ENSMUSG00000027316,ENSMUST00000110239,0.148,0.022,PredHel=0,0.0385359,"extr 17, cyto 6.5, cyto_pero 4.5, mito 4, nuc",0.514,Q9JJT2
ENSMUSP00000105953,ENSMUSG00000027386,ENSMUST00000110324,0.926,0.895,PredHel=0,0.728089,"extr 27, lyso 4",0.833,Q501P1
ENSMUSP00000106865,ENSMUSG00000060548,ENSMUST00000111234,0.893,0.953,PredHel=1,0.932491,"extr 22, extr_plas 15.5, plas 7",0.129,Q9JLL3
ENSMUSP00000106867,ENSMUSG00000060548,ENSMUST00000111236,0.893,0.953,PredHel=1,0.932491,"extr 22, extr_plas 15.5, plas 7",0.129,Q9JLL3
ENSMUSP00000107349,ENSMUSG00000033544,ENSMUST00000111720,0.857,0.889,PredHel=0,0.960436,"extr 18, mito 8, pero 4, cyto_mito 4, mito_nu",0.596,Q640P2
ENSMUSP00000107579,ENSMUSG00000025213,ENSMUST00000111948,0.834,0.96,PredHel=1,0.788131,"extr 27, lyso 3",0.789,Q8BJ66
ENSMUSP00000107702,ENSMUSG00000029522,ENSMUST00000112071,0.876,0.866,PredHel=0,0.991517,"extr 19, mito 8, lyso 3",0.887,D3Z1N8
ENSMUSP00000107746,ENSMUSG00000031354,ENSMUST00000112118,0.918,0.94,PredHel=0,0.294811,"extr 21, mito 4, E.R. 4, E.R._mito 4",0.477,P63277
ENSMUSP00000107748,ENSMUSG00000031354,ENSMUST00000112120,0.917,0.957,PredHel=0,0.332624,"extr 22, mito 4, E.R. 3, lyso 3",0.451,P63277
ENSMUSP00000107954,ENSMUSG00000024990,ENSMUST00000112335,0.883,0.929,PredHel=0,0.61319,"extr 20, cyto 3, mito 3, lyso 3, cyto_mito 3",0.82,Q00724
ENSMUSP00000108209,ENSMUSG00000032561,ENSMUST00000112590,0.853,0.911,PredHel=0,0.543725,"extr 24, lyso 7",0.608,Q8CE08
ENSMUSP00000108264,ENSMUSG00000032554,ENSMUST00000112645,0.914,0.954,PredHel=0,0.309101,"extr 25, pero 5",0.497,Q921I1
ENSMUSP00000108332,ENSMUSG00000050447,ENSMUST00000112712,0.784,0.963,PredHel=0,3.54E-08,"plas 23.5, extr_plas 16, extr 7.5",0.965,Q8BPP5
ENSMUSP00000108889,ENSMUSG00000064293,ENSMUST00000113264,0.765,0.953,PredHel=0,1.93E-07,"extr 20, nucl 4.5, E.R. 3, cyto_nucl 3, plas ",0.479,Q69Z26
ENSMUSP00000108899,ENSMUSG00000009580,ENSMUST00000113274,0.691,0.721,PredHel=0,0.562163,extr 29,0.902,A1E960
ENSMUSP00000109126,ENSMUSG00000064080,ENSMUST00000113498,0.844,0.962,PredHel=0,0.802076,"extr 27, lyso 3",0.625,P37889
ENSMUSP00000109154,ENSMUSG00000024784,ENSMUST00000113526,0.864,0.956,PredHel=0,0.392407,extr 32,0.939,"Q925Q5, A2RSW3"
ENSMUSP00000109871,ENSMUSG00000029096,ENSMUST00000114233,0.914,0.93,PredHel=0,0.7842,"extr 26, lyso 3",0.787,Q9D236
ENSMUSP00000109890,ENSMUSG00000024330,ENSMUST00000114252,0.837,0.931,PredHel=1,0.0920224,"extr 16, E.R. 7, lyso 6",0.057,Q64739
ENSMUSP00000109893,ENSMUSG00000024330,ENSMUST00000114255,0.837,0.931,PredHel=1,0.0875034,"extr 15, E.R. 7, lyso 7",0.055,Q64739
ENSMUSP00000110099,ENSMUSG00000079563,ENSMUST00000114455,0.924,0.99,PredHel=0,0.990122,"extr 15, cyto_nucl 7, cyto 6.5, nucl 4.5, lys",0.735,Q8VCS0
ENSMUSP00000110126,ENSMUSG00000026981,ENSMUST00000114482,0.807,0.94,PredHel=0,0.978625,"extr 28, cyto_pero 2",0.92,P25085
ENSMUSP00000110135,ENSMUSG00000050786,ENSMUST00000114491,0.306,0.903,PredHel=1,0.984341,extr 32,0.939,Q8BIS8
ENSMUSP00000110353,ENSMUSG00000002032,ENSMUST00000114705,0.65,0.854,PredHel=1,0.00850175,"extr 18.5, extr_plas 11.5, plas 3.5, cyto 3, ",0.211,Q9DCF1
ENSMUSP00000110492,ENSMUSG00000061082,ENSMUST00000114843,0.692,0.902,PredHel=0,0.671896,extr 31,0.907,Q9JI83
ENSMUSP00000110662,ENSMUSG00000026668,ENSMUST00000115010,0.909,0.94,PredHel=0,0.498781,extr 30,0.929,Q14BU0
ENSMUSP00000111097,ENSMUSG00000022847,ENSMUST00000115437,0.859,0.905,PredHel=0,0.763247,"extr 22, plas 4, cyto 2, lyso 2, cysk_plas 2",0.833,P40226
ENSMUSP00000111474,ENSMUSG00000022683,ENSMUST00000115807,0.884,0.91,PredHel=0,0.554527,extr 32,0.954,Q8K130
ENSMUSP00000113419,ENSMUSG00000040998,ENSMUST00000117164,0.817,0.942,PredHel=0,0.163117,"extr 22, E.R. 5, lyso 3",0.414,Q91V88
ENSMUSP00000112665,ENSMUSG00000028108,ENSMUST00000117507,0.845,0.943,PredHel=0,0.783365,"extr 24, pero 5, E.R. 1.5, E.R._golg 1.5",0.608,Q61508
ENSMUSP00000113424,ENSMUSG00000015850,ENSMUST00000117782,0.838,0.959,PredHel=0,0.995931,"extr 18, nucl 7, lyso 6, cyto_nucl 5",0.548,Q80T21
ENSMUSP00000113358,ENSMUSG00000022971,ENSMUST00000117836,0.83,0.954,PredHel=0,0.855049,"extr 28, E.R. 2, lyso 2",0.857,O35664
ENSMUSP00000113444,ENSMUSG00000047084,ENSMUST00000117989,0.46,0.13,PredHel=0,0.333098,"mito 23, cyto_nucl 4, nucl 3, cyto 3",0.922,Q99KS2
ENSMUSP00000113141,ENSMUSG00000008140,ENSMUST00000118515,0.806,0.805,PredHel=0,0.000593264,"extr 27, golg 3",0.466,Q3TAS6
ENSMUSP00000112891,ENSMUSG00000025512,ENSMUST00000118694,0.868,0.915,PredHel=0,0.98175,"extr 27, lyso 3",0.771,Q922Q9
ENSMUSP00000113400,ENSMUSG00000090236,ENSMUST00000118960,0.804,0.966,PredHel=0,0.000646357,"extr 20, plas 8, lyso 2",0.698,Q99N23
ENSMUSP00000112482,ENSMUSG00000050079,ENSMUST00000121101,0.68,0.691,PredHel=0,0.313657,"extr 19, mito 4, cyto 2.5, cyto_nucl 2.5, per",0.909,Q8BVR6
ENSMUSP00000114076,ENSMUSG00000048583,ENSMUST00000121128,0.745,0.941,PredHel=1,0.673249,"extr 17, plas 11, lyso 3",0.904,E9QLW5
ENSMUSP00000114120,ENSMUSG00000020053,ENSMUST00000121161,0.841,0.915,PredHel=0,0.817374,extr 31,0.944,E9Q138
ENSMUSP00000113674,ENSMUSG00000040488,ENSMUST00000121175,0.823,0.835,PredHel=0,0.430356,"extr 26, lyso 5",0.358,Q8K4G1
ENSMUSP00000113413,ENSMUSG00000032079,ENSMUST00000121598,0.895,0.936,PredHel=0,0.906034,"extr 21, mito 3, E.R. 2, lyso 2, golg 2, cyto",0.744,Q8C7G5
ENSMUSP00000113931,ENSMUSG00000055895,ENSMUST00000121793,0.808,0.977,PredHel=0,0.920968,"extr 27, plas 4",0.959,Q4FZG8
ENSMUSP00000113177,ENSMUSG00000020053,ENSMUST00000121952,0.841,0.915,PredHel=0,0.817374,extr 31,0.944,E9Q138
ENSMUSP00000112472,ENSMUSG00000032572,ENSMUST00000121963,0.849,0.953,PredHel=0,0.871688,"extr 20, mito 5, pero 2, golg 2",0.417,A2AX52
ENSMUSP00000112878,ENSMUSG00000020053,ENSMUST00000122100,0.841,0.915,PredHel=0,0.921938,extr 31,0.93,E9PU89
ENSMUSP00000113152,ENSMUSG00000059187,ENSMUST00000122120,0.826,0.96,PredHel=1,0.375879,"extr 27, cyto 3",0.299,Q7TPG8
ENSMUSP00000113703,ENSMUSG00000020674,ENSMUST00000122328,0.894,0.952,PredHel=1,0.181424,"extr 14, lyso 6, E.R. 5, golg 4",0.448,Q3UQ28
ENSMUSP00000113905,ENSMUSG00000020053,ENSMUST00000122386,0.398,0.891,PredHel=0,0.326503,extr 30,0.951,P05017
ENSMUSP00000119175,ENSMUSG00000089989,ENSMUST00000125500,0.877,0.943,PredHel=1,0.91492,"extr 28.5, extr_plas 15",0.227,P49772
ENSMUSP00000118062,ENSMUSG00000071112,ENSMUST00000126521,0.795,0.929,PredHel=0,0.318613,extr 30,0.928,D3Z752
ENSMUSP00000134812,ENSMUSG00000017311,ENSMUST00000127381,0.896,0.981,PredHel=1,0.876685,"extr 28, lyso 2",0.941,H3BK86
ENSMUSP00000119150,ENSMUSG00000074115,ENSMUST00000128088,0.883,0.971,PredHel=1,0.387141,extr 30,0.911,P05366
ENSMUSP00000119977,ENSMUSG00000090231,ENSMUST00000128767,0.864,0.939,PredHel=0,0.77137,"extr 15, E.R. 7, plas 6, pero 2, lyso 2",0.479,P04186
ENSMUSP00000117898,ENSMUSG00000009580,ENSMUST00000129757,0.691,0.721,PredHel=0,0.562163,extr 29,0.902,A1E960
ENSMUSP00000120860,ENSMUSG00000024962,ENSMUST00000130048,0.846,0.839,PredHel=0,0.285625,"extr 22, mito 6.5, cyto_mito 5",0.603,P49766
ENSMUSP00000122389,ENSMUSG00000045573,ENSMUST00000133567,0.911,0.946,PredHel=0,0.719011,extr 31,0.907,B1AZQ0
ENSMUSP00000118291,ENSMUSG00000002992,ENSMUST00000134116,0.9,0.955,PredHel=0,0.155614,extr 31,0.909,Q05020
ENSMUSP00000119152,ENSMUSG00000028298,ENSMUST00000135871,0.801,0.959,PredHel=1,0.911239,extr 32,0.912,A2AVN2
ENSMUSP00000118348,ENSMUSG00000045160,ENSMUST00000136501,0.357,0.068,PredHel=0,0.65254,"mito 15, extr 8, cyto 5, nucl 2, pero 2",0.931,Q8CEI1
ENSMUSP00000115892,ENSMUSG00000000394,ENSMUST00000136686,0.742,0.939,PredHel=0,0.779258,extr 31,0.944,A2AS86
ENSMUSP00000123469,ENSMUSG00000041857,ENSMUST00000139158,0.916,0.978,PredHel=0,0.680071,extr 31,0.941,Q925U0
ENSMUSP00000119278,ENSMUSG00000066113,ENSMUST00000141889,0.822,0.934,PredHel=0,0.530991,"extr 21, mito 6.5, cyto_mito 4.5, cyto 1.5",0.44,Q8BLI0
ENSMUSP00000115173,ENSMUSG00000002992,ENSMUST00000142352,0.9,0.955,PredHel=0,0.155614,extr 31,0.909,Q05020
ENSMUSP00000138683,ENSMUSG00000029522,ENSMUST00000145785,0.877,0.86,PredHel=0,0.987882,"extr 22, mito 5, lyso 3",0.9,S4R2K6
ENSMUSP00000122653,ENSMUSG00000048583,ENSMUST00000145896,0.874,0.986,PredHel=1,0.909288,"extr 22, plas 5, lyso 4",0.909,D3Z4N4
ENSMUSP00000120471,ENSMUSG00000047257,ENSMUST00000146794,0.598,0.653,PredHel=0,7.55E-05,"extr 26, lyso 5",0.648,Q8K4I7
ENSMUSP00000122863,ENSMUSG00000030116,ENSMUST00000148517,0.58,0.869,PredHel=0,0.731053,extr 32,0.964,Q9QZJ6
ENSMUSP00000114512,ENSMUSG00000002992,ENSMUST00000150569,0.9,0.955,PredHel=0,0.155614,extr 31,0.909,Q05020
ENSMUSP00000114398,ENSMUSG00000031750,ENSMUST00000150680,0.879,0.984,PredHel=0,2.21E-05,"extr 22, plas 4, mito 3, lyso 3",0.606,Q8R1R4
ENSMUSP00000117522,ENSMUSG00000055360,ENSMUST00000151144,0.831,0.981,PredHel=0,4.22E-05,extr 30,0.91,F2Z418
ENSMUSP00000123628,ENSMUSG00000066756,ENSMUST00000152973,0.824,0.928,PredHel=0,0.671518,extr 32,0.933,Q6B9Z0
ENSMUSP00000114693,ENSMUSG00000025512,ENSMUST00000153191,0.868,0.915,PredHel=0,0.987156,"extr 25, lyso 3, E.R. 2, pero 2",0.571,Q922Q9
ENSMUSP00000114610,ENSMUSG00000034401,ENSMUST00000153746,0.293,0.424,PredHel=0,0.727485,"extr 10, cyto_nucl 9.5, nucl 8, cyto 7, mito ",0.918,Q3U6K5
ENSMUSP00000117117,ENSMUSG00000064246,ENSMUST00000153856,0.925,0.929,PredHel=0,0.904484,"extr 15, mito 9, pero 4, lyso 2, cyto_pero 2",0.529,Q61362
ENSMUSP00000119205,ENSMUSG00000064246,ENSMUST00000156873,0.897,0.927,PredHel=0,0.982457,"extr 28, cyto 1.5, cyto_nucl 1.5",0.529,Q61362
ENSMUSP00000124305,ENSMUSG00000064373,ENSMUST00000159216,0.856,0.939,PredHel=0,NA,"extr 27, lyso 5",0.581,P70274
ENSMUSP00000123875,ENSMUSG00000026639,ENSMUST00000159955,0.883,0.949,PredHel=0,0.68559,"extr 28, E.R. 2",0.295,Q61087
ENSMUSP00000123979,ENSMUSG00000026450,ENSMUST00000159963,0.85,0.927,PredHel=0,0.981847,"extr 19, mito 8, lyso 3",0.675,Q9D7Q1
ENSMUSP00000124331,ENSMUSG00000026450,ENSMUST00000160060,0.85,0.927,PredHel=0,0.965948,"extr 15, mito 10, lyso 3, pero 2",0.541,Q9D7Q1
ENSMUSP00000124052,ENSMUSG00000042453,ENSMUST00000161356,0.914,0.82,PredHel=1,0.358379,"extr 21, extr_plas 14, plas 5, golg 2.5, lyso",0.544,Q60841
ENSMUSP00000124459,ENSMUSG00000029510,ENSMUST00000161827,0.753,0.874,PredHel=0,5.28E-09,"extr 15.5, extr_plas 12.5, plas 6.5, E.R. 3, ",0.226,Q8BKV1
ENSMUSP00000124643,ENSMUSG00000000215,ENSMUST00000162317,0.892,0.973,PredHel=0,0.931367,extr 32,0.978,E0CXX7
ENSMUSP00000131391,ENSMUSG00000034164,ENSMUST00000163299,0.922,0.823,PredHel=0,0.243295,"extr 16, mito 7.5, cyto_mito 5, pero 3, nucl ",0.423,Q91VF5
ENSMUSP00000131431,ENSMUSG00000019929,ENSMUST00000163448,0.825,0.955,PredHel=0,0.737573,"extr 23, mito 3, cyto_pero 2.5, cyto 2, E.R._",0.595,P28654
ENSMUSP00000130917,ENSMUSG00000049580,ENSMUST00000164726,0.91,0.861,PredHel=0,0.939219,"extr 24, lyso 7",0.837,Q8CBR6
ENSMUSP00000130458,ENSMUSG00000062737,ENSMUST00000164964,0.834,0.978,PredHel=0,0.0549168,"extr 23, mito 4, lyso 4",0.939,Q8CGZ8
ENSMUSP00000125789,ENSMUSG00000015957,ENSMUST00000165122,0.398,0.97,PredHel=1,0.347566,"extr 27, mito 3",0.907,E9Q692
ENSMUSP00000128431,ENSMUSG00000049580,ENSMUST00000165257,0.91,0.861,PredHel=0,0.939219,"extr 24, lyso 7",0.837,Q8CBR6
ENSMUSP00000133016,ENSMUSG00000024909,ENSMUST00000165485,0.911,0.978,PredHel=0,0.0362429,"extr 26.5, extr_plas 14, lyso 3",0.834,Q9WVJ9
ENSMUSP00000128325,ENSMUSG00000055694,ENSMUST00000165819,0.834,0.989,PredHel=0,0.524245,"extr 26, pero 3",0.877,P20863
ENSMUSP00000127275,ENSMUSG00000002274,ENSMUST00000165838,0.847,0.968,PredHel=0,0.250908,extr 30,0.905,Q8C1Q4
ENSMUSP00000127242,ENSMUSG00000049580,ENSMUST00000165901,0.91,0.861,PredHel=0,0.939219,"extr 24, lyso 7",0.837,Q8CBR6
ENSMUSP00000126074,ENSMUSG00000035131,ENSMUST00000166814,0.833,0.932,PredHel=1,0.982251,"extr 16, plas 7, lyso 4, E.R._golg 2.5, E.R. ",0.524,Q499E0
ENSMUSP00000131789,ENSMUSG00000049580,ENSMUST00000167405,0.91,0.861,PredHel=0,0.939219,"extr 24, lyso 7",0.837,Q8CBR6
ENSMUSP00000126371,ENSMUSG00000026668,ENSMUST00000167607,0.909,0.939,PredHel=0,0.533631,extr 32,0.946,Q14BU0
ENSMUSP00000132032,ENSMUSG00000002985,ENSMUST00000167646,0.937,0.971,PredHel=0,0.0300603,"extr 28, E.R. 4",0.961,E9Q327
ENSMUSP00000132259,ENSMUSG00000015568,ENSMUST00000168401,0.841,0.904,PredHel=0,0.000736436,"extr 20, E.R. 4.5, pero 4, E.R._mito 3",0.781,P11152
ENSMUSP00000130924,ENSMUSG00000033044,ENSMUST00000168612,0.861,0.96,PredHel=1,0.485337,"extr 21, E.R. 6, plas 2, cyto 1.5, cyto_pero ",0.942,Q8CHS7
ENSMUSP00000128621,ENSMUSG00000021943,ENSMUST00000168727,0.657,0.559,PredHel=0,0.796711,"extr 15, E.R. 6.5, pero 6, E.R._golg 4.5, lys",0.929,P97737
ENSMUSP00000132778,ENSMUSG00000002900,ENSMUST00000169088,0.856,0.909,PredHel=0,0.184285,"extr 28, lyso 2",0.432,P02469
ENSMUSP00000131002,ENSMUSG00000050447,ENSMUST00000169232,0.784,0.963,PredHel=0,3.54E-08,"plas 23.5, extr_plas 16, extr 7.5",0.965,Q8BPP5
ENSMUSP00000133024,ENSMUSG00000012705,ENSMUST00000169234,0.882,0.979,PredHel=0,0.271583,extr 31,0.924,Q99P87
ENSMUSP00000126768,ENSMUSG00000031375,ENSMUST00000169489,0.919,0.979,PredHel=0,0.463954,"extr 24, E.R. 4, pero 2, lyso 2, E.R._mito 2,",0.708,P28653
ENSMUSP00000132215,ENSMUSG00000020323,ENSMUST00000169684,0.662,0.895,PredHel=0,0.734483,"extr 21, nucl 5, cyto 2, lyso 2",0.975,Q14B24
ENSMUSP00000129964,ENSMUSG00000079563,ENSMUST00000170392,0.924,0.99,PredHel=0,0.990122,"extr 15, cyto_nucl 7, cyto 6.5, nucl 4.5, lys",0.735,Q8VCS0
ENSMUSP00000126798,ENSMUSG00000017316,ENSMUST00000170554,0.873,0.979,PredHel=1,0.0459757,extr 32,0.983,"P10601, Q496X5"
ENSMUSP00000127165,ENSMUSG00000027857,ENSMUST00000170856,0.866,0.965,PredHel=0,0.909959,extr 31,0.907,E9Q4F3
ENSMUSP00000127666,ENSMUSG00000038543,ENSMUST00000171519,0.804,0.935,PredHel=0,4.52E-05,"extr 24, E.R. 3, plas 2, mito 2",0.9,Q8R2K8
ENSMUSP00000128440,ENSMUSG00000027857,ENSMUST00000172026,0.866,0.965,PredHel=0,0.909959,extr 31,0.907,E9Q4F3
ENSMUSP00000127798,ENSMUSG00000040380,ENSMUST00000172378,0.819,0.948,PredHel=0,0.0860313,"extr 22, cyto 3, lyso 3, nucl 2, mito 2, mito",0.616,Q9JHG0
ENSMUSP00000134558,ENSMUSG00000002985,ENSMUST00000172808,0.69,0.959,PredHel=0,0.527845,"extr 23, mito 4, nucl 3",0.932,G3UZM8
ENSMUSP00000133359,ENSMUSG00000002985,ENSMUST00000172983,0.937,0.971,PredHel=0,0.344153,extr 29,0.951,G3UWN5
ENSMUSP00000133371,ENSMUSG00000002985,ENSMUST00000173739,0.937,0.971,PredHel=0,0.0890903,"extr 25, E.R. 3, pero 3",0.92,"P08226, Q3TXU4"
ENSMUSP00000133302,ENSMUSG00000002985,ENSMUST00000174064,0.937,0.971,PredHel=0,0.0890903,"extr 25, E.R. 3, pero 3",0.92,"P08226, Q3TXU4"
ENSMUSP00000134622,ENSMUSG00000002985,ENSMUST00000174144,0.937,0.971,PredHel=0,0.426894,extr 29,0.951,A0A0K0K186
ENSMUSP00000134160,ENSMUSG00000002985,ENSMUST00000174355,0.937,0.971,PredHel=0,0.0890903,"extr 25, E.R. 3, pero 3",0.92,"P08226, Q3TXU4"
ENSMUSP00000133862,ENSMUSG00000061082,ENSMUST00000174390,0.692,0.902,PredHel=0,0.671896,extr 31,0.907,Q9JI83
ENSMUSP00000135292,ENSMUSG00000017311,ENSMUST00000177304,0.896,0.981,PredHel=1,0.876685,"extr 28, lyso 2",0.941,H3BK86
ENSMUSP00000134765,ENSMUSG00000015943,ENSMUST00000177442,0.165,0.032,PredHel=0,0.884816,"mito 21, extr 6, cyto_nucl 2.33333, cyto 2, c",0.904,Q9D8S9
ENSMUSP00000137284,ENSMUSG00000096826,ENSMUST00000177785,0.71,0.908,PredHel=0,0.80292,"extr 26, nucl 3, cyto 1.5, cyto_pero 1.5, mit",0.957,Q9Z1X0
ENSMUSP00000136552,ENSMUSG00000093828,ENSMUST00000177905,0.71,0.908,PredHel=0,0.80292,"extr 26, nucl 3, cyto 1.5, cyto_pero 1.5, mit",0.957,Q9Z1X0
ENSMUSP00000137476,ENSMUSG00000004207,ENSMUST00000179238,0.821,0.929,PredHel=0,0.233536,"extr 27, lyso 5",0.69,Q61207
ENSMUSP00000136040,ENSMUSG00000095247,ENSMUST00000179281,0.71,0.908,PredHel=0,0.80292,"extr 26, nucl 3, cyto 1.5, cyto_pero 1.5, mit",0.957,Q9Z1X0
ENSMUSP00000136894,ENSMUSG00000093931,ENSMUST00000179314,0.896,0.917,PredHel=0,0.652647,"extr 27, lyso 3",0.729,P00688
ENSMUSP00000137025,ENSMUSG00000096770,ENSMUST00000179568,0.896,0.917,PredHel=0,0.652647,"extr 27, lyso 3",0.729,P00688
ENSMUSP00000137445,ENSMUSG00000033491,ENSMUST00000179574,0.773,0.962,PredHel=0,0.355149,"nucl 10.5, extr 10, cyto_nucl 8.5, cyto 5.5, ",0.914,Q8C0F9
ENSMUSP00000137437,ENSMUSG00000049580,ENSMUST00000179780,0.91,0.861,PredHel=0,0.939219,"extr 24, lyso 7",0.837,Q8CBR6
ENSMUSP00000137101,ENSMUSG00000095247,ENSMUST00000179871,0.181,0.039,PredHel=0,0.932145,"mito 18.5, cyto_mito 12, extr 5, cyto_nucl 4.",0.942,Q9Z1X0
ENSMUSP00000136622,ENSMUSG00000025400,ENSMUST00000179960,0.868,0.963,PredHel=0,0.811419,extr 32,0.928,P55099
ENSMUSP00000137577,ENSMUSG00000048400,ENSMUST00000180075,0.675,0.959,PredHel=0,0.0248978,"extr 14, nucl 6, mito 5, E.R._mito 4, lyso 3,",0.604,Q7M756
ENSMUSP00000139347,ENSMUSG00000061762,ENSMUST00000185187,0.861,0.946,PredHel=0,0.187886,extr 32,0.956,P41539
